person_id,player_name,season,round_number,round_pick,overall_pick,draft_type,team_id,team_city,team_name,team_abbreviation
2198,Kwame Brown,2001,1,1,1,Draft,1610612764,Washington,Wizards,WAS
2199,Tyson Chandler,2001,1,2,2,Draft,1610612746,Los Angeles,Clippers,LAC
2200,Pau Gasol,2001,1,3,3,Draft,1610612737,Atlanta,Hawks,ATL
2201,Eddy Curry,2001,1,4,4,Draft,1610612741,Chicago,Bulls,CHI
2202,Jason Richardson,2001,1,5,5,Draft,1610612744,Golden State,Warriors,GSW
2203,Shane Battier,2001,1,6,6,Draft,1610612763,Memphis,Grizzlies,MEM
2204,Eddie Griffin,2001,1,7,7,Draft,1610612751,New Jersey,Nets,NJN
2205,DeSagana Diop,2001,1,8,8,Draft,1610612739,Cleveland,Cavaliers,CLE
2206,Rodney White,2001,1,9,9,Draft,1610612765,Detroit,Pistons,DET
2207,Joe Johnson,2001,1,10,10,Draft,1610612738,Boston,Celtics,BOS
2208,Kedrick Brown,2001,1,11,11,Draft,1610612738,Boston,Celtics,BOS
2209,Vladimir Radmanovic,2001,1,12,12,Draft,1610612760,Seattle,SuperSonics,SEA
2210,Richard Jefferson,2001,1,13,13,Draft,1610612745,Houston,Rockets,HOU
2211,Troy Murphy,2001,1,14,14,Draft,1610612744,Golden State,Warriors,GSW
2212,Steven Hunter,2001,1,15,15,Draft,1610612753,Orlando,Magic,ORL
2213,Kirk Haston,2001,1,16,16,Draft,1610612766,Charlotte,Hornets,CHH
2214,Michael Bradley,2001,1,17,17,Draft,1610612761,Toronto,Raptors,TOR
2215,Jason Collins,2001,1,18,18,Draft,1610612745,Houston,Rockets,HOU
2216,Zach Randolph,2001,1,19,19,Draft,1610612757,Portland,Trail Blazers,POR
2217,Brendan Haywood,2001,1,20,20,Draft,1610612739,Cleveland,Cavaliers,CLE
2218,Joseph Forte,2001,1,21,21,Draft,1610612738,Boston,Celtics,BOS
2219,Jeryl Sasser,2001,1,22,22,Draft,1610612753,Orlando,Magic,ORL
2220,Brandon Armstrong,2001,1,23,23,Draft,1610612745,Houston,Rockets,HOU
2221,Raul Lopez,2001,1,24,24,Draft,1610612762,Utah,Jazz,UTA
2222,Gerald Wallace,2001,1,25,25,Draft,1610612758,Sacramento,Kings,SAC
2223,Samuel Dalembert,2001,1,26,26,Draft,1610612755,Philadelphia,76ers,PHI
2224,Jamaal Tinsley,2001,1,27,27,Draft,1610612763,Memphis,Grizzlies,MEM
2225,Tony Parker,2001,1,28,28,Draft,1610612759,San Antonio,Spurs,SAS
2239,Trenton Hassell,2001,2,1,29,Draft,1610612741,Chicago,Bulls,CHI
2240,Gilbert Arenas,2001,2,2,30,Draft,1610612744,Golden State,Warriors,GSW
2241,Omar Cook,2001,2,3,31,Draft,1610612753,Orlando,Magic,ORL
2226,Will Solomon,2001,2,4,32,Draft,1610612763,Memphis,Grizzlies,MEM
2242,Terence Morris,2001,2,5,33,Draft,1610612737,Atlanta,Hawks,ATL
2243,Brian Scalabrine,2001,2,6,34,Draft,1610612751,New Jersey,Nets,NJN
2244,Jeff Trepagnier,2001,2,7,35,Draft,1610612739,Cleveland,Cavaliers,CLE
2245,Damone Brown,2001,2,8,36,Draft,1610612755,Philadelphia,76ers,PHI
2246,Mehmet Okur,2001,2,9,37,Draft,1610612765,Detroit,Pistons,DET
2247,Michael Wright,2001,2,10,38,Draft,1610612752,New York,Knicks,NYK
2248,Earl Watson,2001,2,11,39,Draft,1610612760,Seattle,SuperSonics,SEA
2249,Jamison Brewer,2001,2,12,40,Draft,1610612754,Indiana,Pacers,IND
2250,Bobby Simmons,2001,2,13,41,Draft,1610612760,Seattle,SuperSonics,SEA
2251,Eric Chenowith,2001,2,14,42,Draft,1610612752,New York,Knicks,NYK
2252,Kyle Hill,2001,2,15,43,Draft,1610612742,Dallas,Mavericks,DAL
2253,Sean Lampley,2001,2,16,44,Draft,1610612741,Chicago,Bulls,CHI
2254,Loren Woods,2001,2,17,45,Draft,1610612750,Minnesota,Timberwolves,MIN
2255,Ousmane Cisse,2001,2,18,46,Draft,1610612743,Denver,Nuggets,DEN
2238,Antonis Fotsis,2001,2,19,47,Draft,1610612763,Memphis,Grizzlies,MEM
2256,Ken Johnson,2001,2,20,48,Draft,1610612748,Miami,Heat,MIA
2257,Ruben Boumtje-Boumtje,2001,2,21,49,Draft,1610612757,Portland,Trail Blazers,POR
2228,Alton Ford,2001,2,22,50,Draft,1610612756,Phoenix,Suns,PHX
2259,Andre Hutson,2001,2,23,51,Draft,1610612749,Milwaukee,Bucks,MIL
2260,Jarron Collins,2001,2,24,52,Draft,1610612762,Utah,Jazz,UTA
2261,Kenny Satterfield,2001,2,25,53,Draft,1610612742,Dallas,Mavericks,DAL
2262,Maurice Jeffers,2001,2,26,54,Draft,1610612758,Sacramento,Kings,SAC
2263,Robertas Javtokas,2001,2,27,55,Draft,1610612759,San Antonio,Spurs,SAS
2264,Alvin Jones,2001,2,28,56,Draft,1610612755,Philadelphia,76ers,PHI
2265,Bryan Bracey,2001,2,29,57,Draft,1610612759,San Antonio,Spurs,SAS
2397,Yao Ming,2002,1,1,1,Draft,1610612745,Houston,Rockets,HOU
2398,Jay Williams,2002,1,2,2,Draft,1610612741,Chicago,Bulls,CHI
2399,Mike Dunleavy,2002,1,3,3,Draft,1610612744,Golden State,Warriors,GSW
2400,Drew Gooden,2002,1,4,4,Draft,1610612763,Memphis,Grizzlies,MEM
2401,Nikoloz Tskitishvili,2002,1,5,5,Draft,1610612743,Denver,Nuggets,DEN
2402,Dajuan Wagner,2002,1,6,6,Draft,1610612739,Cleveland,Cavaliers,CLE
2403,Nene,2002,1,7,7,Draft,1610612752,New York,Knicks,NYK
2404,Chris Wilcox,2002,1,8,8,Draft,1610612746,Los Angeles,Clippers,LAC
2405,Amar'e Stoudemire,2002,1,9,9,Draft,1610612756,Phoenix,Suns,PHX
2406,Caron Butler,2002,1,10,10,Draft,1610612748,Miami,Heat,MIA
2407,Jared Jeffries,2002,1,11,11,Draft,1610612764,Washington,Wizards,WAS
2408,Melvin Ely,2002,1,12,12,Draft,1610612746,Los Angeles,Clippers,LAC
2409,Marcus Haislip,2002,1,13,13,Draft,1610612749,Milwaukee,Bucks,MIL
2410,Fred Jones,2002,1,14,14,Draft,1610612754,Indiana,Pacers,IND
2411,Bostjan Nachbar,2002,1,15,15,Draft,1610612745,Houston,Rockets,HOU
2412,Jiri Welsch,2002,1,16,16,Draft,1610612755,Philadelphia,76ers,PHI
2413,Juan Dixon,2002,1,17,17,Draft,1610612764,Washington,Wizards,WAS
2414,Curtis Borchardt,2002,1,18,18,Draft,1610612753,Orlando,Magic,ORL
2415,Ryan Humphrey,2002,1,19,19,Draft,1610612762,Utah,Jazz,UTA
2416,Kareem Rush,2002,1,20,20,Draft,1610612761,Toronto,Raptors,TOR
2417,Qyntel Woods,2002,1,21,21,Draft,1610612757,Portland,Trail Blazers,POR
2418,Casey Jacobsen,2002,1,22,22,Draft,1610612756,Phoenix,Suns,PHX
2419,Tayshaun Prince,2002,1,23,23,Draft,1610612765,Detroit,Pistons,DET
2420,Nenad Krstic,2002,1,24,24,Draft,1610612751,New Jersey,Nets,NJN
2421,Frank Williams,2002,1,25,25,Draft,1610612743,Denver,Nuggets,DEN
2422,John Salmons,2002,1,26,26,Draft,1610612759,San Antonio,Spurs,SAS
2423,Chris Jefferies,2002,1,27,27,Draft,1610612747,Los Angeles,Lakers,LAL
2424,Dan Dickau,2002,1,28,28,Draft,1610612758,Sacramento,Kings,SAC
2426,Steve Logan,2002,2,1,29,Draft,1610612744,Golden State,Warriors,GSW
2427,Roger Mason Jr.,2002,2,2,30,Draft,1610612741,Chicago,Bulls,CHI
2425,Robert Archibald,2002,2,3,31,Draft,1610612763,Memphis,Grizzlies,MEM
2428,Vincent Yarbrough,2002,2,4,32,Draft,1610612743,Denver,Nuggets,DEN
2429,Dan Gadzuric,2002,2,5,33,Draft,1610612749,Milwaukee,Bucks,MIL
2430,Carlos Boozer,2002,2,6,34,Draft,1610612739,Cleveland,Cavaliers,CLE
2525,Milos Vujanic,2002,2,7,35,Draft,1610612752,New York,Knicks,NYK
2431,David Andersen,2002,2,8,36,Draft,1610612737,Atlanta,Hawks,ATL
2432,Tito Maddox,2002,2,9,37,Draft,1610612745,Houston,Rockets,HOU
2433,Rod Grizzard,2002,2,10,38,Draft,1610612764,Washington,Wizards,WAS
2434,Juan Carlos Navarro,2002,2,11,39,Draft,1610612764,Washington,Wizards,WAS
2435,Mario Kasun,2002,2,12,40,Draft,1610612746,Los Angeles,Clippers,LAC
2436,Flip Murray,2002,2,13,41,Draft,1610612749,Milwaukee,Bucks,MIL
2438,Jason Jennings,2002,2,14,42,Draft,1610612757,Portland,Trail Blazers,POR
2437,Lonny Baxter,2002,2,15,43,Draft,1610612741,Chicago,Bulls,CHI
2439,Sam Clancy,2002,2,16,44,Draft,1610612755,Philadelphia,76ers,PHI
2440,Matt Barnes,2002,2,17,45,Draft,1610612763,Memphis,Grizzlies,MEM
2441,Jamal Sampson,2002,2,18,46,Draft,1610612762,Utah,Jazz,UTA
2442,Chris Owens,2002,2,19,47,Draft,1610612749,Milwaukee,Bucks,MIL
2526,Peter Fehse,2002,2,20,48,Draft,1610612760,Seattle,SuperSonics,SEA
2443,Darius Songaila,2002,2,21,49,Draft,1610612738,Boston,Celtics,BOS
2444,Federico Kammerichs,2002,2,22,50,Draft,1610612757,Portland,Trail Blazers,POR
2445,Marcus Taylor,2002,2,23,51,Draft,1610612750,Minnesota,Timberwolves,MIN
2446,Rasual Butler,2002,2,24,52,Draft,1610612748,Miami,Heat,MIA
2447,Tamar Slay,2002,2,25,53,Draft,1610612751,New Jersey,Nets,NJN
2448,Mladen Sekularac,2002,2,26,54,Draft,1610612742,Dallas,Mavericks,DAL
2449,Luis Scola,2002,2,27,55,Draft,1610612759,San Antonio,Spurs,SAS
2450,Randy Holcomb,2002,2,28,56,Draft,1610612759,San Antonio,Spurs,SAS
2451,Corsley Edwards,2002,2,29,57,Draft,1610612758,Sacramento,Kings,SAC
2544,LeBron James,2003,1,1,1,Draft,1610612739,Cleveland,Cavaliers,CLE
2545,Darko Milicic,2003,1,2,2,Draft,1610612765,Detroit,Pistons,DET
2546,Carmelo Anthony,2003,1,3,3,Draft,1610612743,Denver,Nuggets,DEN
2547,Chris Bosh,2003,1,4,4,Draft,1610612761,Toronto,Raptors,TOR
2548,Dwyane Wade,2003,1,5,5,Draft,1610612748,Miami,Heat,MIA
2549,Chris Kaman,2003,1,6,6,Draft,1610612746,Los Angeles,Clippers,LAC
2550,Kirk Hinrich,2003,1,7,7,Draft,1610612741,Chicago,Bulls,CHI
2551,T.J. Ford,2003,1,8,8,Draft,1610612749,Milwaukee,Bucks,MIL
2552,Michael Sweetney,2003,1,9,9,Draft,1610612752,New York,Knicks,NYK
2553,Jarvis Hayes,2003,1,10,10,Draft,1610612764,Washington,Wizards,WAS
2554,Mickael Pietrus,2003,1,11,11,Draft,1610612744,Golden State,Warriors,GSW
2555,Nick Collison,2003,1,12,12,Draft,1610612760,Seattle,SuperSonics,SEA
2556,Marcus Banks,2003,1,13,13,Draft,1610612763,Memphis,Grizzlies,MEM
2557,Luke Ridnour,2003,1,14,14,Draft,1610612760,Seattle,SuperSonics,SEA
2558,Reece Gaines,2003,1,15,15,Draft,1610612753,Orlando,Magic,ORL
2559,Troy Bell,2003,1,16,16,Draft,1610612738,Boston,Celtics,BOS
2560,Zarko Cabarkapa,2003,1,17,17,Draft,1610612756,Phoenix,Suns,PHX
2561,David West,2003,1,18,18,Draft,1610612740,New Orleans,Hornets,NOH
2562,Sasha Pavlovic,2003,1,19,19,Draft,1610612762,Utah,Jazz,UTA
2563,Dahntay Jones,2003,1,20,20,Draft,1610612738,Boston,Celtics,BOS
2564,Boris Diaw,2003,1,21,21,Draft,1610612737,Atlanta,Hawks,ATL
2565,Zoran Planinic,2003,1,22,22,Draft,1610612751,New Jersey,Nets,NJN
2566,Travis Outlaw,2003,1,23,23,Draft,1610612757,Portland,Trail Blazers,POR
2567,Brian Cook,2003,1,24,24,Draft,1610612747,Los Angeles,Lakers,LAL
2568,Carlos Delfino,2003,1,25,25,Draft,1610612765,Detroit,Pistons,DET
2569,Ndudi Ebi,2003,1,26,26,Draft,1610612750,Minnesota,Timberwolves,MIN
2570,Kendrick Perkins,2003,1,27,27,Draft,1610612763,Memphis,Grizzlies,MEM
2571,Leandro Barbosa,2003,1,28,28,Draft,1610612759,San Antonio,Spurs,SAS
2572,Josh Howard,2003,1,29,29,Draft,1610612742,Dallas,Mavericks,DAL
2573,Maciej Lampe,2003,2,1,30,Draft,1610612752,New York,Knicks,NYK
2574,Jason Kapono,2003,2,2,31,Draft,1610612739,Cleveland,Cavaliers,CLE
2575,Luke Walton,2003,2,3,32,Draft,1610612747,Los Angeles,Lakers,LAL
2602,Jerome Beasley,2003,2,4,33,Draft,1610612748,Miami,Heat,MIA
2577,Sofoklis Schortsanitis,2003,2,5,34,Draft,1610612746,Los Angeles,Clippers,LAC
2578,Szymon Szewczyk,2003,2,6,35,Draft,1610612749,Milwaukee,Bucks,MIL
2579,Mario Austin,2003,2,7,36,Draft,1610612741,Chicago,Bulls,CHI
2580,Travis Hansen,2003,2,8,37,Draft,1610612737,Atlanta,Hawks,ATL
2581,Steve Blake,2003,2,9,38,Draft,1610612764,Washington,Wizards,WAS
2582,Slavko Vranes,2003,2,10,39,Draft,1610612752,New York,Knicks,NYK
2583,Derrick Zimmerman,2003,2,11,40,Draft,1610612744,Golden State,Warriors,GSW
2584,Willie Green,2003,2,12,41,Draft,1610612760,Seattle,SuperSonics,SEA
2585,Zaza Pachulia,2003,2,13,42,Draft,1610612753,Orlando,Magic,ORL
2586,Keith Bogans,2003,2,14,43,Draft,1610612749,Milwaukee,Bucks,MIL
2587,Malick Badiane,2003,2,15,44,Draft,1610612745,Houston,Rockets,HOU
2588,Matt Bonner,2003,2,16,45,Draft,1610612741,Chicago,Bulls,CHI
2589,Sani Becirovic,2003,2,17,46,Draft,1610612743,Denver,Nuggets,DEN
2590,Mo Williams,2003,2,18,47,Draft,1610612762,Utah,Jazz,UTA
2591,James Lang,2003,2,19,48,Draft,1610612740,New Orleans,Hornets,NOH
2592,James Jones,2003,2,20,49,Draft,1610612754,Indiana,Pacers,IND
2593,Paccelis Morlende,2003,2,21,50,Draft,1610612755,Philadelphia,76ers,PHI
2594,Kyle Korver,2003,2,22,51,Draft,1610612751,New Jersey,Nets,NJN
2595,Remon Van de Hare,2003,2,23,52,Draft,1610612761,Toronto,Raptors,TOR
2596,Tommy Smith,2003,2,24,53,Draft,1610612741,Chicago,Bulls,CHI
2597,Nedzad Sinanovic,2003,2,25,54,Draft,1610612757,Portland,Trail Blazers,POR
2598,Rick Rickert,2003,2,26,55,Draft,1610612750,Minnesota,Timberwolves,MIN
2599,Brandon Hunter,2003,2,27,56,Draft,1610612738,Boston,Celtics,BOS
2600,Xue Yuyang,2003,2,28,57,Draft,1610612742,Dallas,Mavericks,DAL
2601,Andreas Glyniadakis,2003,2,29,58,Draft,1610612765,Detroit,Pistons,DET
2730,Dwight Howard,2004,1,1,1,Draft,1610612753,Orlando,Magic,ORL
2731,Emeka Okafor,2004,1,2,2,Draft,1610612766,Charlotte,Bobcats,CHA
2732,Ben Gordon,2004,1,3,3,Draft,1610612741,Chicago,Bulls,CHI
2733,Shaun Livingston,2004,1,4,4,Draft,1610612746,Los Angeles,Clippers,LAC
2734,Devin Harris,2004,1,5,5,Draft,1610612764,Washington,Wizards,WAS
2735,Josh Childress,2004,1,6,6,Draft,1610612737,Atlanta,Hawks,ATL
2736,Luol Deng,2004,1,7,7,Draft,1610612756,Phoenix,Suns,PHX
2737,Rafael Araujo,2004,1,8,8,Draft,1610612761,Toronto,Raptors,TOR
2738,Andre Iguodala,2004,1,9,9,Draft,1610612755,Philadelphia,76ers,PHI
2739,Luke Jackson,2004,1,10,10,Draft,1610612739,Cleveland,Cavaliers,CLE
2740,Andris Biedrins,2004,1,11,11,Draft,1610612744,Golden State,Warriors,GSW
2741,Robert Swift,2004,1,12,12,Draft,1610612760,Seattle,SuperSonics,SEA
2742,Sebastian Telfair,2004,1,13,13,Draft,1610612757,Portland,Trail Blazers,POR
2743,Kris Humphries,2004,1,14,14,Draft,1610612762,Utah,Jazz,UTA
2744,Al Jefferson,2004,1,15,15,Draft,1610612738,Boston,Celtics,BOS
2745,Kirk Snyder,2004,1,16,16,Draft,1610612762,Utah,Jazz,UTA
2746,Josh Smith,2004,1,17,17,Draft,1610612737,Atlanta,Hawks,ATL
2747,JR Smith,2004,1,18,18,Draft,1610612740,New Orleans,Hornets,NOH
2748,Dorell Wright,2004,1,19,19,Draft,1610612748,Miami,Heat,MIA
2749,Jameer Nelson,2004,1,20,20,Draft,1610612743,Denver,Nuggets,DEN
2750,Pavel Podkolzin,2004,1,21,21,Draft,1610612762,Utah,Jazz,UTA
2751,Viktor Khryapa,2004,1,22,22,Draft,1610612751,New Jersey,Nets,NJN
2752,Sergei Monia,2004,1,23,23,Draft,1610612757,Portland,Trail Blazers,POR
2753,Delonte West,2004,1,24,24,Draft,1610612738,Boston,Celtics,BOS
2754,Tony Allen,2004,1,25,25,Draft,1610612738,Boston,Celtics,BOS
2755,Kevin Martin,2004,1,26,26,Draft,1610612758,Sacramento,Kings,SAC
2756,Sasha Vujacic,2004,1,27,27,Draft,1610612747,Los Angeles,Lakers,LAL
2757,Beno Udrih,2004,1,28,28,Draft,1610612759,San Antonio,Spurs,SAS
2758,David Harrison,2004,1,29,29,Draft,1610612754,Indiana,Pacers,IND
2760,Anderson Varejao,2004,2,1,30,Draft,1610612753,Orlando,Magic,ORL
2761,Jackson Vroman,2004,2,2,31,Draft,1610612741,Chicago,Bulls,CHI
2762,Peter John Ramos,2004,2,3,32,Draft,1610612764,Washington,Wizards,WAS
2763,Lionel Chalmers,2004,2,4,33,Draft,1610612746,Los Angeles,Clippers,LAC
2764,Donta Smith,2004,2,5,34,Draft,1610612737,Atlanta,Hawks,ATL
2765,Andre Emmett,2004,2,6,35,Draft,1610612760,Seattle,SuperSonics,SEA
2766,Antonio Burks,2004,2,7,36,Draft,1610612753,Orlando,Magic,ORL
2767,Royal Ivey,2004,2,8,37,Draft,1610612737,Atlanta,Hawks,ATL
2768,Chris Duhon,2004,2,9,38,Draft,1610612741,Chicago,Bulls,CHI
2769,Albert Miralles,2004,2,10,39,Draft,1610612761,Toronto,Raptors,TOR
2770,Justin Reed,2004,2,11,40,Draft,1610612738,Boston,Celtics,BOS
2801,David Young,2004,2,12,41,Draft,1610612760,Seattle,SuperSonics,SEA
2771,Viktor Sanikidze,2004,2,13,42,Draft,1610612737,Atlanta,Hawks,ATL
2772,Trevor Ariza,2004,2,14,43,Draft,1610612752,New York,Knicks,NYK
2773,Tim Pickett,2004,2,15,44,Draft,1610612740,New Orleans,Hornets,NOH
2774,Bernard Robinson,2004,2,16,45,Draft,1610612766,Charlotte,Bobcats,CHA
2775,Ha Ha,2004,2,17,46,Draft,1610612757,Portland,Trail Blazers,POR
2776,Pape Sow,2004,2,18,47,Draft,1610612748,Miami,Heat,MIA
2777,Ricky Minard,2004,2,19,48,Draft,1610612758,Sacramento,Kings,SAC
2778,Sergei Lishouk,2004,2,20,49,Draft,1610612763,Memphis,Grizzlies,MEM
2779,Vassilis Spanoulis,2004,2,21,50,Draft,1610612742,Dallas,Mavericks,DAL
2780,Christian Drejer,2004,2,22,51,Draft,1610612751,New Jersey,Nets,NJN
2781,Romain Sato,2004,2,23,52,Draft,1610612759,San Antonio,Spurs,SAS
2782,Matt Freije,2004,2,24,53,Draft,1610612748,Miami,Heat,MIA
2783,Rickey Paulding,2004,2,25,54,Draft,1610612765,Detroit,Pistons,DET
2784,Luis Flores,2004,2,26,55,Draft,1610612745,Houston,Rockets,HOU
2785,Marcus Douthit,2004,2,27,56,Draft,1610612747,Los Angeles,Lakers,LAL
2807,Sergei Karaulov,2004,2,28,57,Draft,1610612759,San Antonio,Spurs,SAS
2786,Blake Stepp,2004,2,29,58,Draft,1610612750,Minnesota,Timberwolves,MIN
2787,Rashad Wright,2004,2,30,59,Draft,1610612754,Indiana,Pacers,IND
101106,Andrew Bogut,2005,1,1,1,Draft,1610612749,Milwaukee,Bucks,MIL
101107,Marvin Williams,2005,1,2,2,Draft,1610612737,Atlanta,Hawks,ATL
101114,Deron Williams,2005,1,3,3,Draft,1610612762,Utah,Jazz,UTA
101108,Chris Paul,2005,1,4,4,Draft,1610612740,New Orleans/Oklahoma City,Hornets,NOK
101109,Raymond Felton,2005,1,5,5,Draft,1610612766,Charlotte,Bobcats,CHA
101110,Martell Webster,2005,1,6,6,Draft,1610612757,Portland,Trail Blazers,POR
101111,Charlie Villanueva,2005,1,7,7,Draft,1610612761,Toronto,Raptors,TOR
101112,Channing Frye,2005,1,8,8,Draft,1610612752,New York,Knicks,NYK
101113,Ike Diogu,2005,1,9,9,Draft,1610612744,Golden State,Warriors,GSW
101115,Andrew Bynum,2005,1,10,10,Draft,1610612747,Los Angeles,Lakers,LAL
101116,Fran Vazquez,2005,1,11,11,Draft,1610612753,Orlando,Magic,ORL
101117,Yaroslav Korolev,2005,1,12,12,Draft,1610612746,Los Angeles,Clippers,LAC
101118,Sean May,2005,1,13,13,Draft,1610612766,Charlotte,Bobcats,CHA
101119,Rashad McCants,2005,1,14,14,Draft,1610612750,Minnesota,Timberwolves,MIN
101120,Antoine Wright,2005,1,15,15,Draft,1610612751,New Jersey,Nets,NJN
101121,Joey Graham,2005,1,16,16,Draft,1610612761,Toronto,Raptors,TOR
101122,Danny Granger,2005,1,17,17,Draft,1610612754,Indiana,Pacers,IND
101123,Gerald Green,2005,1,18,18,Draft,1610612738,Boston,Celtics,BOS
101124,Hakim Warrick,2005,1,19,19,Draft,1610612763,Memphis,Grizzlies,MEM
101125,Julius Hodge,2005,1,20,20,Draft,1610612743,Denver,Nuggets,DEN
101126,Nate Robinson,2005,1,21,21,Draft,1610612756,Phoenix,Suns,PHX
101127,Jarrett Jack,2005,1,22,22,Draft,1610612743,Denver,Nuggets,DEN
101128,Francisco Garcia,2005,1,23,23,Draft,1610612758,Sacramento,Kings,SAC
101129,Luther Head,2005,1,24,24,Draft,1610612745,Houston,Rockets,HOU
101130,Johan Petro,2005,1,25,25,Draft,1610612760,Seattle,SuperSonics,SEA
101131,Jason Maxiell,2005,1,26,26,Draft,1610612765,Detroit,Pistons,DET
101132,Linas Kleiza,2005,1,27,27,Draft,1610612757,Portland,Trail Blazers,POR
101133,Ian Mahinmi,2005,1,28,28,Draft,1610612759,San Antonio,Spurs,SAS
101134,Wayne Simien,2005,1,29,29,Draft,1610612748,Miami,Heat,MIA
101135,David Lee,2005,1,30,30,Draft,1610612752,New York,Knicks,NYK
101136,Salim Stoudamire,2005,2,1,31,Draft,1610612737,Atlanta,Hawks,ATL
101137,Daniel Ewing,2005,2,2,32,Draft,1610612746,Los Angeles,Clippers,LAC
101138,Brandon Bass,2005,2,3,33,Draft,1610612740,New Orleans/Oklahoma City,Hornets,NOK
101139,CJ Miles,2005,2,4,34,Draft,1610612762,Utah,Jazz,UTA
101140,Ricky Sanchez,2005,2,5,35,Draft,1610612757,Portland,Trail Blazers,POR
101141,Ersan Ilyasova,2005,2,6,36,Draft,1610612749,Milwaukee,Bucks,MIL
101142,Ronny Turiaf,2005,2,7,37,Draft,1610612747,Los Angeles,Lakers,LAL
101143,Travis Diener,2005,2,8,38,Draft,1610612753,Orlando,Magic,ORL
101144,Von Wafer,2005,2,9,39,Draft,1610612747,Los Angeles,Lakers,LAL
101145,Monta Ellis,2005,2,10,40,Draft,1610612744,Golden State,Warriors,GSW
101146,Roko Ukic,2005,2,11,41,Draft,1610612761,Toronto,Raptors,TOR
101147,Chris Taft,2005,2,12,42,Draft,1610612744,Golden State,Warriors,GSW
101148,Mile Ilic,2005,2,13,43,Draft,1610612751,New Jersey,Nets,NJN
101149,Martynas Andriuskevicius,2005,2,14,44,Draft,1610612753,Orlando,Magic,ORL
101150,Lou Williams,2005,2,15,45,Draft,1610612755,Philadelphia,76ers,PHI
101151,Erazem Lorbek,2005,2,16,46,Draft,1610612754,Indiana,Pacers,IND
101152,Bracey Wright,2005,2,17,47,Draft,1610612750,Minnesota,Timberwolves,MIN
101153,Mickael Gelabale,2005,2,18,48,Draft,1610612760,Seattle,SuperSonics,SEA
101154,Andray Blatche,2005,2,19,49,Draft,1610612764,Washington,Wizards,WAS
101155,Ryan Gomes,2005,2,20,50,Draft,1610612738,Boston,Celtics,BOS
101156,Robert Whaley,2005,2,21,51,Draft,1610612762,Utah,Jazz,UTA
101157,Axel Hervelle,2005,2,22,52,Draft,1610612743,Denver,Nuggets,DEN
101158,Orien Greene,2005,2,23,53,Draft,1610612738,Boston,Celtics,BOS
101159,Dijon Thompson,2005,2,24,54,Draft,1610612752,New York,Knicks,NYK
101160,Lawrence Roberts,2005,2,25,55,Draft,1610612760,Seattle,SuperSonics,SEA
101161,Amir Johnson,2005,2,26,56,Draft,1610612765,Detroit,Pistons,DET
101162,Marcin Gortat,2005,2,27,57,Draft,1610612756,Phoenix,Suns,PHX
101166,Uros Slokar,2005,2,28,58,Draft,1610612761,Toronto,Raptors,TOR
101164,Cenk Akyol,2005,2,29,59,Draft,1610612737,Atlanta,Hawks,ATL
101165,Alex Acker,2005,2,30,60,Draft,1610612765,Detroit,Pistons,DET
200745,Andrea Bargnani,2006,1,1,1,Draft,1610612761,Toronto,Raptors,TOR
200746,LaMarcus Aldridge,2006,1,2,2,Draft,1610612741,Chicago,Bulls,CHI
200747,Adam Morrison,2006,1,3,3,Draft,1610612766,Charlotte,Bobcats,CHA
200748,Tyrus Thomas,2006,1,4,4,Draft,1610612757,Portland,Trail Blazers,POR
200749,Shelden Williams,2006,1,5,5,Draft,1610612737,Atlanta,Hawks,ATL
200750,Brandon Roy,2006,1,6,6,Draft,1610612750,Minnesota,Timberwolves,MIN
200751,Randy Foye,2006,1,7,7,Draft,1610612738,Boston,Celtics,BOS
200752,Rudy Gay,2006,1,8,8,Draft,1610612745,Houston,Rockets,HOU
200753,Patrick O'Bryant,2006,1,9,9,Draft,1610612744,Golden State,Warriors,GSW
200754,Mouhamed Sene,2006,1,10,10,Draft,1610612760,Seattle,SuperSonics,SEA
200755,JJ Redick,2006,1,11,11,Draft,1610612753,Orlando,Magic,ORL
200756,Hilton Armstrong,2006,1,12,12,Draft,1610612740,New Orleans/Oklahoma City,Hornets,NOK
200757,Thabo Sefolosha,2006,1,13,13,Draft,1610612755,Philadelphia,76ers,PHI
200758,Ronnie Brewer,2006,1,14,14,Draft,1610612762,Utah,Jazz,UTA
200759,Cedric Simmons,2006,1,15,15,Draft,1610612740,New Orleans/Oklahoma City,Hornets,NOK
200760,Rodney Carney,2006,1,16,16,Draft,1610612741,Chicago,Bulls,CHI
200761,Shawne Williams,2006,1,17,17,Draft,1610612754,Indiana,Pacers,IND
200762,Oleksiy Pecherov,2006,1,18,18,Draft,1610612764,Washington,Wizards,WAS
200763,Quincy Douby,2006,1,19,19,Draft,1610612758,Sacramento,Kings,SAC
200764,Renaldo Balkman,2006,1,20,20,Draft,1610612752,New York,Knicks,NYK
200765,Rajon Rondo,2006,1,21,21,Draft,1610612756,Phoenix,Suns,PHX
200766,Marcus Williams,2006,1,22,22,Draft,1610612751,New Jersey,Nets,NJN
200767,Josh Boone,2006,1,23,23,Draft,1610612751,New Jersey,Nets,NJN
200768,Kyle Lowry,2006,1,24,24,Draft,1610612763,Memphis,Grizzlies,MEM
200769,Shannon Brown,2006,1,25,25,Draft,1610612739,Cleveland,Cavaliers,CLE
200770,Jordan Farmar,2006,1,26,26,Draft,1610612747,Los Angeles,Lakers,LAL
200771,Sergio Rodriguez,2006,1,27,27,Draft,1610612756,Phoenix,Suns,PHX
200772,Maurice Ager,2006,1,28,28,Draft,1610612742,Dallas,Mavericks,DAL
200776,Mardy Collins,2006,1,29,29,Draft,1610612752,New York,Knicks,NYK
200777,Joel Freeland,2006,1,30,30,Draft,1610612757,Portland,Trail Blazers,POR
200778,James White,2006,2,1,31,Draft,1610612757,Portland,Trail Blazers,POR
200779,Steve Novak,2006,2,2,32,Draft,1610612745,Houston,Rockets,HOU
200780,Solomon Jones,2006,2,3,33,Draft,1610612737,Atlanta,Hawks,ATL
200781,Paul Davis,2006,2,4,34,Draft,1610612746,Los Angeles,Clippers,LAC
200782,P.J. Tucker,2006,2,5,35,Draft,1610612761,Toronto,Raptors,TOR
200783,Craig Smith,2006,2,6,36,Draft,1610612750,Minnesota,Timberwolves,MIN
200784,Bobby Jones,2006,2,7,37,Draft,1610612750,Minnesota,Timberwolves,MIN
200785,Kosta Perovic,2006,2,8,38,Draft,1610612744,Golden State,Warriors,GSW
200786,David Noel,2006,2,9,39,Draft,1610612749,Milwaukee,Bucks,MIL
200787,Denham Brown,2006,2,10,40,Draft,1610612760,Seattle,SuperSonics,SEA
200788,James Augustine,2006,2,11,41,Draft,1610612753,Orlando,Magic,ORL
200789,Daniel Gibson,2006,2,12,42,Draft,1610612739,Cleveland,Cavaliers,CLE
200790,Marcus Vinicius,2006,2,13,43,Draft,1610612740,New Orleans/Oklahoma City,Hornets,NOK
200791,Lior Eliyahu,2006,2,14,44,Draft,1610612753,Orlando,Magic,ORL
200792,Alexander Johnson,2006,2,15,45,Draft,1610612754,Indiana,Pacers,IND
200793,Dee Brown,2006,2,16,46,Draft,1610612762,Utah,Jazz,UTA
200794,Paul Millsap,2006,2,17,47,Draft,1610612762,Utah,Jazz,UTA
200795,Vladimir Veremeenko,2006,2,18,48,Draft,1610612764,Washington,Wizards,WAS
200796,Leon Powe,2006,2,19,49,Draft,1610612743,Denver,Nuggets,DEN
200797,Ryan Hollins,2006,2,20,50,Draft,1610612766,Charlotte,Bobcats,CHA
200798,Cheikh Samb,2006,2,21,51,Draft,1610612747,Los Angeles,Lakers,LAL
200799,Guillermo Diaz,2006,2,22,52,Draft,1610612746,Los Angeles,Clippers,LAC
200800,Yotam Halperin,2006,2,23,53,Draft,1610612760,Seattle,SuperSonics,SEA
200801,Hassan Adams,2006,2,24,54,Draft,1610612751,New Jersey,Nets,NJN
200802,Ejike Ugboaja,2006,2,25,55,Draft,1610612739,Cleveland,Cavaliers,CLE
200803,Edin Bavcic,2006,2,26,56,Draft,1610612761,Toronto,Raptors,TOR
200804,Loukas Mavrokefalidis,2006,2,27,57,Draft,1610612750,Minnesota,Timberwolves,MIN
200805,JR Pinnock,2006,2,28,58,Draft,1610612742,Dallas,Mavericks,DAL
200806,Damir Markota,2006,2,29,59,Draft,1610612759,San Antonio,Spurs,SAS
200807,Will Blalock,2006,2,30,60,Draft,1610612765,Detroit,Pistons,DET
201141,Greg Oden,2007,1,1,1,Draft,1610612757,Portland,Trail Blazers,POR
201142,Kevin Durant,2007,1,2,2,Draft,1610612760,Seattle,SuperSonics,SEA
201143,Al Horford,2007,1,3,3,Draft,1610612737,Atlanta,Hawks,ATL
201144,Mike Conley,2007,1,4,4,Draft,1610612763,Memphis,Grizzlies,MEM
201145,Jeff Green,2007,1,5,5,Draft,1610612738,Boston,Celtics,BOS
201146,Yi Jianlian,2007,1,6,6,Draft,1610612749,Milwaukee,Bucks,MIL
201147,Corey Brewer,2007,1,7,7,Draft,1610612750,Minnesota,Timberwolves,MIN
201148,Brandan Wright,2007,1,8,8,Draft,1610612766,Charlotte,Bobcats,CHA
201149,Joakim Noah,2007,1,9,9,Draft,1610612741,Chicago,Bulls,CHI
201150,Spencer Hawes,2007,1,10,10,Draft,1610612758,Sacramento,Kings,SAC
201151,Acie Law,2007,1,11,11,Draft,1610612737,Atlanta,Hawks,ATL
201152,Thaddeus Young,2007,1,12,12,Draft,1610612755,Philadelphia,76ers,PHI
201153,Julian Wright,2007,1,13,13,Draft,1610612740,New Orleans,Hornets,NOH
201154,Al Thornton,2007,1,14,14,Draft,1610612746,Los Angeles,Clippers,LAC
201155,Rodney Stuckey,2007,1,15,15,Draft,1610612765,Detroit,Pistons,DET
201156,Nick Young,2007,1,16,16,Draft,1610612764,Washington,Wizards,WAS
201157,Sean Williams,2007,1,17,17,Draft,1610612751,New Jersey,Nets,NJN
201158,Marco Belinelli,2007,1,18,18,Draft,1610612744,Golden State,Warriors,GSW
201159,Javaris Crittenton,2007,1,19,19,Draft,1610612747,Los Angeles,Lakers,LAL
201160,Jason Smith,2007,1,20,20,Draft,1610612748,Miami,Heat,MIA
201161,Daequan Cook,2007,1,21,21,Draft,1610612755,Philadelphia,76ers,PHI
201162,Jared Dudley,2007,1,22,22,Draft,1610612766,Charlotte,Bobcats,CHA
201163,Wilson Chandler,2007,1,23,23,Draft,1610612752,New York,Knicks,NYK
201164,Rudy Fernandez,2007,1,24,24,Draft,1610612756,Phoenix,Suns,PHX
201165,Morris Almond,2007,1,25,25,Draft,1610612762,Utah,Jazz,UTA
201166,Aaron Brooks,2007,1,26,26,Draft,1610612745,Houston,Rockets,HOU
201167,Arron Afflalo,2007,1,27,27,Draft,1610612765,Detroit,Pistons,DET
201168,Tiago Splitter,2007,1,28,28,Draft,1610612759,San Antonio,Spurs,SAS
201169,Alando Tucker,2007,1,29,29,Draft,1610612756,Phoenix,Suns,PHX
201170,Petteri Koponen,2007,1,30,30,Draft,1610612755,Philadelphia,76ers,PHI
201171,Carl Landry,2007,2,1,31,Draft,1610612760,Seattle,SuperSonics,SEA
201172,Gabe Pruitt,2007,2,2,32,Draft,1610612738,Boston,Celtics,BOS
201173,Marcus Williams,2007,2,3,33,Draft,1610612759,San Antonio,Spurs,SAS
201174,Nick Fazekas,2007,2,4,34,Draft,1610612742,Dallas,Mavericks,DAL
201175,Glen Davis,2007,2,5,35,Draft,1610612760,Seattle,SuperSonics,SEA
201176,Jermareo Davidson,2007,2,6,36,Draft,1610612744,Golden State,Warriors,GSW
201177,Josh McRoberts,2007,2,7,37,Draft,1610612757,Portland,Trail Blazers,POR
201178,Kyrylo Fesenko,2007,2,8,38,Draft,1610612755,Philadelphia,76ers,PHI
201179,Stanko Barac,2007,2,9,39,Draft,1610612748,Miami,Heat,MIA
201180,Sun Sun,2007,2,10,40,Draft,1610612747,Los Angeles,Lakers,LAL
201181,Chris Richard,2007,2,11,41,Draft,1610612750,Minnesota,Timberwolves,MIN
201182,Derrick Byars,2007,2,12,42,Draft,1610612757,Portland,Trail Blazers,POR
201183,Adam Haluska,2007,2,13,43,Draft,1610612740,New Orleans,Hornets,NOH
201184,Reyshawn Terry,2007,2,14,44,Draft,1610612753,Orlando,Magic,ORL
201185,Jared Jordan,2007,2,15,45,Draft,1610612746,Los Angeles,Clippers,LAC
201186,Stephane Lasme,2007,2,16,46,Draft,1610612744,Golden State,Warriors,GSW
201187,Dominic McGuire,2007,2,17,47,Draft,1610612764,Washington,Wizards,WAS
201188,Marc Gasol,2007,2,18,48,Draft,1610612747,Los Angeles,Lakers,LAL
201189,Aaron Gray,2007,2,19,49,Draft,1610612741,Chicago,Bulls,CHI
201190,Renaldas Seibutis,2007,2,20,50,Draft,1610612742,Dallas,Mavericks,DAL
201191,JamesOn Curry,2007,2,21,51,Draft,1610612741,Chicago,Bulls,CHI
201192,Taurean Green,2007,2,22,52,Draft,1610612757,Portland,Trail Blazers,POR
201193,Demetris Nichols,2007,2,23,53,Draft,1610612757,Portland,Trail Blazers,POR
201194,Brad Newley,2007,2,24,54,Draft,1610612745,Houston,Rockets,HOU
201195,Herbert Hill,2007,2,25,55,Draft,1610612762,Utah,Jazz,UTA
201196,Ramon Sessions,2007,2,26,56,Draft,1610612749,Milwaukee,Bucks,MIL
201197,Sammy Mejia,2007,2,27,57,Draft,1610612765,Detroit,Pistons,DET
201198,Giorgos Printezis,2007,2,28,58,Draft,1610612759,San Antonio,Spurs,SAS
201199,DJ Strawberry,2007,2,29,59,Draft,1610612756,Phoenix,Suns,PHX
201200,Milovan Rakovic,2007,2,30,60,Draft,1610612742,Dallas,Mavericks,DAL
201565,Derrick Rose,2008,1,1,1,Draft,1610612741,Chicago,Bulls,CHI
201563,Michael Beasley,2008,1,2,2,Draft,1610612748,Miami,Heat,MIA
201564,O.J. Mayo,2008,1,3,3,Draft,1610612750,Minnesota,Timberwolves,MIN
201566,Russell Westbrook,2008,1,4,4,Draft,1610612760,Oklahoma City,Thunder,OKC
201567,Kevin Love,2008,1,5,5,Draft,1610612763,Memphis,Grizzlies,MEM
201568,Danilo Gallinari,2008,1,6,6,Draft,1610612752,New York,Knicks,NYK
201569,Eric Gordon,2008,1,7,7,Draft,1610612746,Los Angeles,Clippers,LAC
201570,Joe Alexander,2008,1,8,8,Draft,1610612749,Milwaukee,Bucks,MIL
201571,D.J. Augustin,2008,1,9,9,Draft,1610612766,Charlotte,Bobcats,CHA
201572,Brook Lopez,2008,1,10,10,Draft,1610612751,New Jersey,Nets,NJN
201573,Jerryd Bayless,2008,1,11,11,Draft,1610612754,Indiana,Pacers,IND
201574,Jason Thompson,2008,1,12,12,Draft,1610612758,Sacramento,Kings,SAC
201575,Brandon Rush,2008,1,13,13,Draft,1610612757,Portland,Trail Blazers,POR
201576,Anthony Randolph,2008,1,14,14,Draft,1610612744,Golden State,Warriors,GSW
201577,Robin Lopez,2008,1,15,15,Draft,1610612756,Phoenix,Suns,PHX
201578,Marreese Speights,2008,1,16,16,Draft,1610612755,Philadelphia,76ers,PHI
201579,Roy Hibbert,2008,1,17,17,Draft,1610612761,Toronto,Raptors,TOR
201580,JaVale McGee,2008,1,18,18,Draft,1610612764,Washington,Wizards,WAS
201581,JJ Hickson,2008,1,19,19,Draft,1610612739,Cleveland,Cavaliers,CLE
201582,Alexis Ajinca,2008,1,20,20,Draft,1610612766,Charlotte,Bobcats,CHA
201583,Ryan Anderson,2008,1,21,21,Draft,1610612751,New Jersey,Nets,NJN
201584,Courtney Lee,2008,1,22,22,Draft,1610612753,Orlando,Magic,ORL
201585,Kosta Koufos,2008,1,23,23,Draft,1610612762,Utah,Jazz,UTA
201586,Serge Ibaka,2008,1,24,24,Draft,1610612760,Oklahoma City,Thunder,OKC
201587,Nicolas Batum,2008,1,25,25,Draft,1610612745,Houston,Rockets,HOU
201588,George Hill,2008,1,26,26,Draft,1610612759,San Antonio,Spurs,SAS
201589,Darrell Arthur,2008,1,27,27,Draft,1610612740,New Orleans,Hornets,NOH
201590,Donte Greene,2008,1,28,28,Draft,1610612763,Memphis,Grizzlies,MEM
201591,DJ White,2008,1,29,29,Draft,1610612765,Detroit,Pistons,DET
201592,J.R. Giddens,2008,1,30,30,Draft,1610612738,Boston,Celtics,BOS
201593,Nikola Pekovic,2008,2,1,31,Draft,1610612750,Minnesota,Timberwolves,MIN
201594,Walter Sharpe,2008,2,2,32,Draft,1610612760,Oklahoma City,Thunder,OKC
201595,Joey Dorsey,2008,2,3,33,Draft,1610612757,Portland,Trail Blazers,POR
201596,Mario Chalmers,2008,2,4,34,Draft,1610612750,Minnesota,Timberwolves,MIN
201599,DeAndre Jordan,2008,2,5,35,Draft,1610612746,Los Angeles,Clippers,LAC
201600,Omer Asik,2008,2,6,36,Draft,1610612757,Portland,Trail Blazers,POR
201601,Luc Mbah a Moute,2008,2,7,37,Draft,1610612749,Milwaukee,Bucks,MIL
201602,Kyle Weaver,2008,2,8,38,Draft,1610612766,Charlotte,Bobcats,CHA
201603,Sonny Weems,2008,2,9,39,Draft,1610612741,Chicago,Bulls,CHI
201604,Chris Douglas-Roberts,2008,2,10,40,Draft,1610612751,New Jersey,Nets,NJN
201605,Nathan Jawai,2008,2,11,41,Draft,1610612754,Indiana,Pacers,IND
201606,Sean Singletary,2008,2,12,42,Draft,1610612758,Sacramento,Kings,SAC
201607,Patrick Ewing,2008,2,13,43,Draft,1610612758,Sacramento,Kings,SAC
201608,Ante Tomic,2008,2,14,44,Draft,1610612762,Utah,Jazz,UTA
201609,Goran Dragic,2008,2,15,45,Draft,1610612759,San Antonio,Spurs,SAS
201610,Trent Plaisted,2008,2,16,46,Draft,1610612760,Oklahoma City,Thunder,OKC
201611,Henry Walker,2008,2,17,47,Draft,1610612764,Washington,Wizards,WAS
201612,Malik Hairston,2008,2,18,48,Draft,1610612756,Phoenix,Suns,PHX
201613,Richard Hendrix,2008,2,19,49,Draft,1610612744,Golden State,Warriors,GSW
201614,DeVon Hardin,2008,2,20,50,Draft,1610612760,Oklahoma City,Thunder,OKC
201615,Shan Foster,2008,2,21,51,Draft,1610612742,Dallas,Mavericks,DAL
201616,Darnell Jackson,2008,2,22,52,Draft,1610612748,Miami,Heat,MIA
201617,Tadija Dragicevic,2008,2,23,53,Draft,1610612762,Utah,Jazz,UTA
201618,Maarty Leunen,2008,2,24,54,Draft,1610612745,Houston,Rockets,HOU
201446,Mike Taylor,2008,2,25,55,Draft,1610612757,Portland,Trail Blazers,POR
201619,Sasha Kaun,2008,2,26,56,Draft,1610612760,Oklahoma City,Thunder,OKC
201620,James Gist,2008,2,27,57,Draft,1610612759,San Antonio,Spurs,SAS
201621,Joe Crawford,2008,2,28,58,Draft,1610612747,Los Angeles,Lakers,LAL
201622,Deron Washington,2008,2,29,59,Draft,1610612765,Detroit,Pistons,DET
201623,Semih Erden,2008,2,30,60,Draft,1610612738,Boston,Celtics,BOS
201933,Blake Griffin,2009,1,1,1,Draft,1610612746,Los Angeles,Clippers,LAC
201934,Hasheem Thabeet,2009,1,2,2,Draft,1610612763,Memphis,Grizzlies,MEM
201935,James Harden,2009,1,3,3,Draft,1610612760,Oklahoma City,Thunder,OKC
201936,Tyreke Evans,2009,1,4,4,Draft,1610612758,Sacramento,Kings,SAC
201937,Ricky Rubio,2009,1,5,5,Draft,1610612750,Minnesota,Timberwolves,MIN
201938,Jonny Flynn,2009,1,6,6,Draft,1610612750,Minnesota,Timberwolves,MIN
201939,Stephen Curry,2009,1,7,7,Draft,1610612744,Golden State,Warriors,GSW
201941,Jordan Hill,2009,1,8,8,Draft,1610612752,New York,Knicks,NYK
201942,DeMar DeRozan,2009,1,9,9,Draft,1610612761,Toronto,Raptors,TOR
201943,Brandon Jennings,2009,1,10,10,Draft,1610612749,Milwaukee,Bucks,MIL
201944,Terrence Williams,2009,1,11,11,Draft,1610612751,New Jersey,Nets,NJN
201945,Gerald Henderson,2009,1,12,12,Draft,1610612766,Charlotte,Bobcats,CHA
201946,Tyler Hansbrough,2009,1,13,13,Draft,1610612754,Indiana,Pacers,IND
201947,Earl Clark,2009,1,14,14,Draft,1610612756,Phoenix,Suns,PHX
201948,Austin Daye,2009,1,15,15,Draft,1610612765,Detroit,Pistons,DET
201949,James Johnson,2009,1,16,16,Draft,1610612741,Chicago,Bulls,CHI
201950,Jrue Holiday,2009,1,17,17,Draft,1610612755,Philadelphia,76ers,PHI
201951,Ty Lawson,2009,1,18,18,Draft,1610612750,Minnesota,Timberwolves,MIN
201952,Jeff Teague,2009,1,19,19,Draft,1610612737,Atlanta,Hawks,ATL
201953,Eric Maynor,2009,1,20,20,Draft,1610612762,Utah,Jazz,UTA
201954,Darren Collison,2009,1,21,21,Draft,1610612740,New Orleans,Hornets,NOH
201964,Victor Claver,2009,1,22,22,Draft,1610612757,Portland,Trail Blazers,POR
201956,Omri Casspi,2009,1,23,23,Draft,1610612758,Sacramento,Kings,SAC
201957,Byron Mullens,2009,1,24,24,Draft,1610612742,Dallas,Mavericks,DAL
201958,Rodrigue Beaubois,2009,1,25,25,Draft,1610612760,Oklahoma City,Thunder,OKC
201959,Taj Gibson,2009,1,26,26,Draft,1610612741,Chicago,Bulls,CHI
201960,DeMarre Carroll,2009,1,27,27,Draft,1610612763,Memphis,Grizzlies,MEM
201961,Wayne Ellington,2009,1,28,28,Draft,1610612750,Minnesota,Timberwolves,MIN
201962,Toney Douglas,2009,1,29,29,Draft,1610612747,Los Angeles,Lakers,LAL
201963,Christian Eyenga,2009,1,30,30,Draft,1610612739,Cleveland,Cavaliers,CLE
201965,Jeff Ayres,2009,2,1,31,Draft,1610612758,Sacramento,Kings,SAC
201966,Jermaine Taylor,2009,2,2,32,Draft,1610612764,Washington,Wizards,WAS
201967,Dante Cunningham,2009,2,3,33,Draft,1610612757,Portland,Trail Blazers,POR
201968,Sergio Llull,2009,2,4,34,Draft,1610612743,Denver,Nuggets,DEN
201969,DaJuan Summers,2009,2,5,35,Draft,1610612765,Detroit,Pistons,DET
201970,Sam Young,2009,2,6,36,Draft,1610612763,Memphis,Grizzlies,MEM
201971,DeJuan Blair,2009,2,7,37,Draft,1610612759,San Antonio,Spurs,SAS
201972,Jon Brockman,2009,2,8,38,Draft,1610612757,Portland,Trail Blazers,POR
201973,Jonas Jerebko,2009,2,9,39,Draft,1610612765,Detroit,Pistons,DET
201974,Derrick Brown,2009,2,10,40,Draft,1610612766,Charlotte,Bobcats,CHA
201975,Jodie Meeks,2009,2,11,41,Draft,1610612749,Milwaukee,Bucks,MIL
201976,Patrick Beverley,2009,2,12,42,Draft,1610612747,Los Angeles,Lakers,LAL
201977,Marcus Thornton,2009,2,13,43,Draft,1610612748,Miami,Heat,MIA
201978,Chase Budinger,2009,2,14,44,Draft,1610612765,Detroit,Pistons,DET
201979,Nick Calathes,2009,2,15,45,Draft,1610612750,Minnesota,Timberwolves,MIN
201980,Danny Green,2009,2,16,46,Draft,1610612739,Cleveland,Cavaliers,CLE
201994,Henk Norel,2009,2,17,47,Draft,1610612750,Minnesota,Timberwolves,MIN
201981,Taylor Griffin,2009,2,18,48,Draft,1610612756,Phoenix,Suns,PHX
201982,Sergiy Gladyr,2009,2,19,49,Draft,1610612737,Atlanta,Hawks,ATL
201983,Goran Suton,2009,2,20,50,Draft,1610612762,Utah,Jazz,UTA
201984,Jack McClinton,2009,2,21,51,Draft,1610612759,San Antonio,Spurs,SAS
201985,AJ Price,2009,2,22,52,Draft,1610612754,Indiana,Pacers,IND
201986,Nando De Colo,2009,2,23,53,Draft,1610612759,San Antonio,Spurs,SAS
201987,Robert Vaden,2009,2,24,54,Draft,1610612766,Charlotte,Bobcats,CHA
201988,Patty Mills,2009,2,25,55,Draft,1610612757,Portland,Trail Blazers,POR
201989,Ahmad Nivins,2009,2,26,56,Draft,1610612742,Dallas,Mavericks,DAL
201990,Emir Preldzic,2009,2,27,57,Draft,1610612756,Phoenix,Suns,PHX
201991,Lester Hudson,2009,2,28,58,Draft,1610612738,Boston,Celtics,BOS
201992,Chinemelu Elonu,2009,2,29,59,Draft,1610612747,Los Angeles,Lakers,LAL
201993,Robert Dozier,2009,2,30,60,Draft,1610612748,Miami,Heat,MIA
202322,John Wall,2010,1,1,1,Draft,1610612764,Washington,Wizards,WAS
202323,Evan Turner,2010,1,2,2,Draft,1610612755,Philadelphia,76ers,PHI
202324,Derrick Favors,2010,1,3,3,Draft,1610612751,New Jersey,Nets,NJN
202325,Wesley Johnson,2010,1,4,4,Draft,1610612750,Minnesota,Timberwolves,MIN
202326,DeMarcus Cousins,2010,1,5,5,Draft,1610612758,Sacramento,Kings,SAC
202327,Ekpe Udoh,2010,1,6,6,Draft,1610612744,Golden State,Warriors,GSW
202328,Greg Monroe,2010,1,7,7,Draft,1610612765,Detroit,Pistons,DET
202329,Al-Farouq Aminu,2010,1,8,8,Draft,1610612746,Los Angeles,Clippers,LAC
202330,Gordon Hayward,2010,1,9,9,Draft,1610612762,Utah,Jazz,UTA
202331,Paul George,2010,1,10,10,Draft,1610612754,Indiana,Pacers,IND
202332,Cole Aldrich,2010,1,11,11,Draft,1610612740,New Orleans,Hornets,NOH
202333,Xavier Henry,2010,1,12,12,Draft,1610612763,Memphis,Grizzlies,MEM
202334,Ed Davis,2010,1,13,13,Draft,1610612761,Toronto,Raptors,TOR
202335,Patrick Patterson,2010,1,14,14,Draft,1610612745,Houston,Rockets,HOU
202336,Larry Sanders,2010,1,15,15,Draft,1610612749,Milwaukee,Bucks,MIL
202337,Luke Babbitt,2010,1,16,16,Draft,1610612750,Minnesota,Timberwolves,MIN
202338,Kevin Seraphin,2010,1,17,17,Draft,1610612741,Chicago,Bulls,CHI
202339,Eric Bledsoe,2010,1,18,18,Draft,1610612760,Oklahoma City,Thunder,OKC
202340,Avery Bradley,2010,1,19,19,Draft,1610612738,Boston,Celtics,BOS
202341,James Anderson,2010,1,20,20,Draft,1610612759,San Antonio,Spurs,SAS
202342,Craig Brackins,2010,1,21,21,Draft,1610612760,Oklahoma City,Thunder,OKC
202343,Elliot Williams,2010,1,22,22,Draft,1610612757,Portland,Trail Blazers,POR
202344,Trevor Booker,2010,1,23,23,Draft,1610612750,Minnesota,Timberwolves,MIN
202345,Damion James,2010,1,24,24,Draft,1610612737,Atlanta,Hawks,ATL
202346,Dominique Jones,2010,1,25,25,Draft,1610612763,Memphis,Grizzlies,MEM
202347,Quincy Pondexter,2010,1,26,26,Draft,1610612760,Oklahoma City,Thunder,OKC
202348,Jordan Crawford,2010,1,27,27,Draft,1610612751,New Jersey,Nets,NJN
202349,Greivis Vasquez,2010,1,28,28,Draft,1610612763,Memphis,Grizzlies,MEM
202350,Daniel Orton,2010,1,29,29,Draft,1610612753,Orlando,Magic,ORL
202351,Lazar Hayward,2010,1,30,30,Draft,1610612764,Washington,Wizards,WAS
202353,Tibor Pleiss,2010,2,1,31,Draft,1610612751,New Jersey,Nets,NJN
202354,Dexter Pittman,2010,2,2,32,Draft,1610612748,Miami,Heat,MIA
202355,Hassan Whiteside,2010,2,3,33,Draft,1610612758,Sacramento,Kings,SAC
202356,Armon Johnson,2010,2,4,34,Draft,1610612757,Portland,Trail Blazers,POR
202357,Nemanja Bjelica,2010,2,5,35,Draft,1610612764,Washington,Wizards,WAS
202358,Terrico White,2010,2,6,36,Draft,1610612765,Detroit,Pistons,DET
202359,Darington Hobson,2010,2,7,37,Draft,1610612749,Milwaukee,Bucks,MIL
202360,Andy Rautins,2010,2,8,38,Draft,1610612752,New York,Knicks,NYK
202361,Landry Fields,2010,2,9,39,Draft,1610612752,New York,Knicks,NYK
202362,Lance Stephenson,2010,2,10,40,Draft,1610612754,Indiana,Pacers,IND
202363,Jarvis Varnado,2010,2,11,41,Draft,1610612748,Miami,Heat,MIA
202364,Da'Sean Butler,2010,2,12,42,Draft,1610612748,Miami,Heat,MIA
202365,Devin Ebanks,2010,2,13,43,Draft,1610612747,Los Angeles,Lakers,LAL
202366,Jerome Jordan,2010,2,14,44,Draft,1610612749,Milwaukee,Bucks,MIL
202370,Paulao Prestes,2010,2,15,45,Draft,1610612750,Minnesota,Timberwolves,MIN
202371,Gani Lawal,2010,2,16,46,Draft,1610612756,Phoenix,Suns,PHX
202372,Tiny Gallon,2010,2,17,47,Draft,1610612749,Milwaukee,Bucks,MIL
202160,Latavious Williams,2010,2,18,48,Draft,1610612748,Miami,Heat,MIA
202373,Ryan Richards,2010,2,19,49,Draft,1610612759,San Antonio,Spurs,SAS
202374,Solomon Alabi,2010,2,20,50,Draft,1610612742,Dallas,Mavericks,DAL
202375,Magnum Rolle,2010,2,21,51,Draft,1610612760,Oklahoma City,Thunder,OKC
202376,Luke Harangody,2010,2,22,52,Draft,1610612738,Boston,Celtics,BOS
202377,Pape Sy,2010,2,23,53,Draft,1610612737,Atlanta,Hawks,ATL
202378,Willie Warren,2010,2,24,54,Draft,1610612746,Los Angeles,Clippers,LAC
202379,Jeremy Evans,2010,2,25,55,Draft,1610612762,Utah,Jazz,UTA
202380,Hamady Ndiaye,2010,2,26,56,Draft,1610612750,Minnesota,Timberwolves,MIN
202385,Ryan Reid,2010,2,27,57,Draft,1610612754,Indiana,Pacers,IND
202382,Derrick Caracter,2010,2,28,58,Draft,1610612747,Los Angeles,Lakers,LAL
202383,Stanley Robinson,2010,2,29,59,Draft,1610612753,Orlando,Magic,ORL
202384,Dwayne Collins,2010,2,30,60,Draft,1610612756,Phoenix,Suns,PHX
202681,Kyrie Irving,2011,1,1,1,Draft,1610612739,Cleveland,Cavaliers,CLE
202682,Derrick Williams,2011,1,2,2,Draft,1610612750,Minnesota,Timberwolves,MIN
202683,Enes Freedom,2011,1,3,3,Draft,1610612762,Utah,Jazz,UTA
202684,Tristan Thompson,2011,1,4,4,Draft,1610612739,Cleveland,Cavaliers,CLE
202685,Jonas Valanciunas,2011,1,5,5,Draft,1610612761,Toronto,Raptors,TOR
202686,Jan Vesely,2011,1,6,6,Draft,1610612764,Washington,Wizards,WAS
202687,Bismack Biyombo,2011,1,7,7,Draft,1610612758,Sacramento,Kings,SAC
202688,Brandon Knight,2011,1,8,8,Draft,1610612765,Detroit,Pistons,DET
202689,Kemba Walker,2011,1,9,9,Draft,1610612766,Charlotte,Bobcats,CHA
202690,Jimmer Fredette,2011,1,10,10,Draft,1610612749,Milwaukee,Bucks,MIL
202691,Klay Thompson,2011,1,11,11,Draft,1610612744,Golden State,Warriors,GSW
202692,Alec Burks,2011,1,12,12,Draft,1610612762,Utah,Jazz,UTA
202693,Markieff Morris,2011,1,13,13,Draft,1610612756,Phoenix,Suns,PHX
202694,Marcus Morris Sr.,2011,1,14,14,Draft,1610612745,Houston,Rockets,HOU
202695,Kawhi Leonard,2011,1,15,15,Draft,1610612754,Indiana,Pacers,IND
202696,Nikola Vucevic,2011,1,16,16,Draft,1610612755,Philadelphia,76ers,PHI
202697,Iman Shumpert,2011,1,17,17,Draft,1610612752,New York,Knicks,NYK
202698,Chris Singleton,2011,1,18,18,Draft,1610612764,Washington,Wizards,WAS
202699,Tobias Harris,2011,1,19,19,Draft,1610612766,Charlotte,Bobcats,CHA
202700,Donatas Motiejunas,2011,1,20,20,Draft,1610612750,Minnesota,Timberwolves,MIN
202701,Nolan Smith,2011,1,21,21,Draft,1610612757,Portland,Trail Blazers,POR
202702,Kenneth Faried,2011,1,22,22,Draft,1610612743,Denver,Nuggets,DEN
202703,Nikola Mirotic,2011,1,23,23,Draft,1610612745,Houston,Rockets,HOU
202704,Reggie Jackson,2011,1,24,24,Draft,1610612760,Oklahoma City,Thunder,OKC
202705,MarShon Brooks,2011,1,25,25,Draft,1610612738,Boston,Celtics,BOS
202706,Jordan Hamilton,2011,1,26,26,Draft,1610612742,Dallas,Mavericks,DAL
202707,JaJuan Johnson,2011,1,27,27,Draft,1610612751,New Jersey,Nets,NJN
202708,Norris Cole,2011,1,28,28,Draft,1610612741,Chicago,Bulls,CHI
202709,Cory Joseph,2011,1,29,29,Draft,1610612759,San Antonio,Spurs,SAS
202710,Jimmy Butler,2011,1,30,30,Draft,1610612741,Chicago,Bulls,CHI
202711,Bojan Bogdanovic,2011,2,1,31,Draft,1610612748,Miami,Heat,MIA
202712,Justin Harper,2011,2,2,32,Draft,1610612739,Cleveland,Cavaliers,CLE
202713,Kyle Singler,2011,2,3,33,Draft,1610612765,Detroit,Pistons,DET
202714,Shelvin Mack,2011,2,4,34,Draft,1610612764,Washington,Wizards,WAS
202715,Tyler Honeycutt,2011,2,5,35,Draft,1610612758,Sacramento,Kings,SAC
202716,Jordan Williams,2011,2,6,36,Draft,1610612751,New Jersey,Nets,NJN
202717,Trey Thompkins,2011,2,7,37,Draft,1610612746,Los Angeles,Clippers,LAC
202718,Chandler Parsons,2011,2,8,38,Draft,1610612745,Houston,Rockets,HOU
202719,Jeremy Tyler,2011,2,9,39,Draft,1610612766,Charlotte,Bobcats,CHA
202720,Jon Leuer,2011,2,10,40,Draft,1610612749,Milwaukee,Bucks,MIL
202721,Darius Morris,2011,2,11,41,Draft,1610612747,Los Angeles,Lakers,LAL
202722,Davis Bertans,2011,2,12,42,Draft,1610612754,Indiana,Pacers,IND
202723,Malcolm Lee,2011,2,13,43,Draft,1610612741,Chicago,Bulls,CHI
202724,Charles Jenkins,2011,2,14,44,Draft,1610612744,Golden State,Warriors,GSW
202725,Josh Harrellson,2011,2,15,45,Draft,1610612740,New Orleans,Hornets,NOH
202726,Andrew Goudelock,2011,2,16,46,Draft,1610612747,Los Angeles,Lakers,LAL
202727,Travis Leslie,2011,2,17,47,Draft,1610612746,Los Angeles,Clippers,LAC
202728,Keith Benson,2011,2,18,48,Draft,1610612737,Atlanta,Hawks,ATL
202729,Josh Selby,2011,2,19,49,Draft,1610612763,Memphis,Grizzlies,MEM
202730,Lavoy Allen,2011,2,20,50,Draft,1610612755,Philadelphia,76ers,PHI
202739,Jon Diebler,2011,2,21,51,Draft,1610612757,Portland,Trail Blazers,POR
202731,Vernon Macklin,2011,2,22,52,Draft,1610612765,Detroit,Pistons,DET
202732,DeAndre Liggins,2011,2,23,53,Draft,1610612753,Orlando,Magic,ORL
202733,MIlan Macvan,2011,2,24,54,Draft,1610612739,Cleveland,Cavaliers,CLE
202734,E'Twaun Moore,2011,2,25,55,Draft,1610612738,Boston,Celtics,BOS
202624,Chukwudiebere Maduabum,2011,2,26,56,Draft,1610612747,Los Angeles,Lakers,LAL
202735,Tanguy Ngombo,2011,2,27,57,Draft,1610612742,Dallas,Mavericks,DAL
202736,Ater Majok,2011,2,28,58,Draft,1610612747,Los Angeles,Lakers,LAL
202737,Adam Hanga,2011,2,29,59,Draft,1610612759,San Antonio,Spurs,SAS
202738,Isaiah Thomas,2011,2,30,60,Draft,1610612758,Sacramento,Kings,SAC
203076,Anthony Davis,2012,1,1,1,Draft,1610612740,New Orleans,Hornets,NOH
203077,Michael Kidd-Gilchrist,2012,1,2,2,Draft,1610612766,Charlotte,Bobcats,CHA
203078,Bradley Beal,2012,1,3,3,Draft,1610612764,Washington,Wizards,WAS
203079,Dion Waiters,2012,1,4,4,Draft,1610612739,Cleveland,Cavaliers,CLE
203080,Thomas Robinson,2012,1,5,5,Draft,1610612758,Sacramento,Kings,SAC
203081,Damian Lillard,2012,1,6,6,Draft,1610612757,Portland,Trail Blazers,POR
203084,Harrison Barnes,2012,1,7,7,Draft,1610612744,Golden State,Warriors,GSW
203082,Terrence Ross,2012,1,8,8,Draft,1610612761,Toronto,Raptors,TOR
203083,Andre Drummond,2012,1,9,9,Draft,1610612765,Detroit,Pistons,DET
203085,Austin Rivers,2012,1,10,10,Draft,1610612740,New Orleans,Hornets,NOH
203086,Meyers Leonard,2012,1,11,11,Draft,1610612757,Portland,Trail Blazers,POR
203087,Jeremy Lamb,2012,1,12,12,Draft,1610612745,Houston,Rockets,HOU
203088,Kendall Marshall,2012,1,13,13,Draft,1610612756,Phoenix,Suns,PHX
203089,John Henson,2012,1,14,14,Draft,1610612749,Milwaukee,Bucks,MIL
203090,Maurice Harkless,2012,1,15,15,Draft,1610612755,Philadelphia,76ers,PHI
203091,Royce White,2012,1,16,16,Draft,1610612745,Houston,Rockets,HOU
203092,Tyler Zeller,2012,1,17,17,Draft,1610612742,Dallas,Mavericks,DAL
203093,Terrence Jones,2012,1,18,18,Draft,1610612745,Houston,Rockets,HOU
203094,Andrew Nicholson,2012,1,19,19,Draft,1610612753,Orlando,Magic,ORL
203095,Evan Fournier,2012,1,20,20,Draft,1610612743,Denver,Nuggets,DEN
203096,Jared Sullinger,2012,1,21,21,Draft,1610612738,Boston,Celtics,BOS
203097,Fab Melo,2012,1,22,22,Draft,1610612738,Boston,Celtics,BOS
203098,John Jenkins,2012,1,23,23,Draft,1610612737,Atlanta,Hawks,ATL
203099,Jared Cunningham,2012,1,24,24,Draft,1610612739,Cleveland,Cavaliers,CLE
203100,Tony Wroten,2012,1,25,25,Draft,1610612763,Memphis,Grizzlies,MEM
203101,Miles Plumlee,2012,1,26,26,Draft,1610612754,Indiana,Pacers,IND
203102,Arnett Moultrie,2012,1,27,27,Draft,1610612748,Miami,Heat,MIA
203103,Perry Jones III,2012,1,28,28,Draft,1610612760,Oklahoma City,Thunder,OKC
203104,Marquis Teague,2012,1,29,29,Draft,1610612741,Chicago,Bulls,CHI
203105,Festus Ezeli,2012,1,30,30,Draft,1610612744,Golden State,Warriors,GSW
203106,Jeffery Taylor,2012,2,1,31,Draft,1610612766,Charlotte,Bobcats,CHA
203107,Tomas Satoransky,2012,2,2,32,Draft,1610612764,Washington,Wizards,WAS
203108,Bernard James,2012,2,3,33,Draft,1610612739,Cleveland,Cavaliers,CLE
203109,Jae Crowder,2012,2,4,34,Draft,1610612739,Cleveland,Cavaliers,CLE
203110,Draymond Green,2012,2,5,35,Draft,1610612744,Golden State,Warriors,GSW
203111,Orlando Johnson,2012,2,6,36,Draft,1610612758,Sacramento,Kings,SAC
203112,Quincy Acy,2012,2,7,37,Draft,1610612761,Toronto,Raptors,TOR
203113,Quincy Miller,2012,2,8,38,Draft,1610612743,Denver,Nuggets,DEN
203114,Khris Middleton,2012,2,9,39,Draft,1610612765,Detroit,Pistons,DET
203115,Will Barton,2012,2,10,40,Draft,1610612757,Portland,Trail Blazers,POR
203116,Tyshawn Taylor,2012,2,11,41,Draft,1610612757,Portland,Trail Blazers,POR
203117,Doron Lamb,2012,2,12,42,Draft,1610612749,Milwaukee,Bucks,MIL
203118,Mike Scott,2012,2,13,43,Draft,1610612737,Atlanta,Hawks,ATL
203119,Kim English,2012,2,14,44,Draft,1610612765,Detroit,Pistons,DET
203120,Justin Hamilton,2012,2,15,45,Draft,1610612755,Philadelphia,76ers,PHI
203121,Darius Miller,2012,2,16,46,Draft,1610612740,New Orleans,Hornets,NOH
203122,Kevin Murphy,2012,2,17,47,Draft,1610612762,Utah,Jazz,UTA
203123,Kostas Papanikolaou,2012,2,18,48,Draft,1610612752,New York,Knicks,NYK
203124,Kyle O'Quinn,2012,2,19,49,Draft,1610612753,Orlando,Magic,ORL
203125,Izzet Turkyilmaz,2012,2,20,50,Draft,1610612743,Denver,Nuggets,DEN
203126,Kris Joseph,2012,2,21,51,Draft,1610612738,Boston,Celtics,BOS
203136,Ognjen Kuzmic,2012,2,22,52,Draft,1610612744,Golden State,Warriors,GSW
203128,Furkan Aldemir,2012,2,23,53,Draft,1610612746,Los Angeles,Clippers,LAC
203129,Tornike Shengelia,2012,2,24,54,Draft,1610612755,Philadelphia,76ers,PHI
203130,Darius Johnson-Odom,2012,2,25,55,Draft,1610612742,Dallas,Mavericks,DAL
203131,Tomislav Zubcic,2012,2,26,56,Draft,1610612761,Toronto,Raptors,TOR
203132,Ilkan Karaman,2012,2,27,57,Draft,1610612751,Brooklyn,Nets,BKN
203133,Robbie Hummel,2012,2,28,58,Draft,1610612750,Minnesota,Timberwolves,MIN
203134,Marcus Denmon,2012,2,29,59,Draft,1610612759,San Antonio,Spurs,SAS
203135,Robert Sacre,2012,2,30,60,Draft,1610612747,Los Angeles,Lakers,LAL
203461,Anthony Bennett,2013,1,1,1,Draft,1610612739,Cleveland,Cavaliers,CLE
203506,Victor Oladipo,2013,1,2,2,Draft,1610612753,Orlando,Magic,ORL
203490,Otto Porter Jr.,2013,1,3,3,Draft,1610612764,Washington,Wizards,WAS
203469,Cody Zeller,2013,1,4,4,Draft,1610612766,Charlotte,Bobcats,CHA
203458,Alex Len,2013,1,5,5,Draft,1610612756,Phoenix,Suns,PHX
203457,Nerlens Noel,2013,1,6,6,Draft,1610612740,New Orleans,Pelicans,NOP
203463,Ben McLemore,2013,1,7,7,Draft,1610612758,Sacramento,Kings,SAC
203484,Kentavious Caldwell-Pope,2013,1,8,8,Draft,1610612765,Detroit,Pistons,DET
203504,Trey Burke,2013,1,9,9,Draft,1610612750,Minnesota,Timberwolves,MIN
203468,CJ McCollum,2013,1,10,10,Draft,1610612757,Portland,Trail Blazers,POR
203487,Michael Carter-Williams,2013,1,11,11,Draft,1610612755,Philadelphia,76ers,PHI
203500,Steven Adams,2013,1,12,12,Draft,1610612760,Oklahoma City,Thunder,OKC
203482,Kelly Olynyk,2013,1,13,13,Draft,1610612742,Dallas,Mavericks,DAL
203498,Shabazz Muhammad,2013,1,14,14,Draft,1610612762,Utah,Jazz,UTA
203507,Giannis Antetokounmpo,2013,1,15,15,Draft,1610612749,Milwaukee,Bucks,MIL
203512,Lucas Nogueira,2013,1,16,16,Draft,1610612738,Boston,Celtics,BOS
203471,Dennis Schroder,2013,1,17,17,Draft,1610612737,Atlanta,Hawks,ATL
203499,Shane Larkin,2013,1,18,18,Draft,1610612737,Atlanta,Hawks,ATL
203508,Sergey Karasev,2013,1,19,19,Draft,1610612739,Cleveland,Cavaliers,CLE
203503,Tony Snell,2013,1,20,20,Draft,1610612741,Chicago,Bulls,CHI
203476,Gorgui Dieng,2013,1,21,21,Draft,1610612762,Utah,Jazz,UTA
203486,Mason Plumlee,2013,1,22,22,Draft,1610612751,Brooklyn,Nets,BKN
203524,Solomon Hill,2013,1,23,23,Draft,1610612754,Indiana,Pacers,IND
203501,Tim Hardaway Jr.,2013,1,24,24,Draft,1610612752,New York,Knicks,NYK
203493,Reggie Bullock,2013,1,25,25,Draft,1610612746,Los Angeles,Clippers,LAC
203460,Andre Roberson,2013,1,26,26,Draft,1610612750,Minnesota,Timberwolves,MIN
203497,Rudy Gobert,2013,1,27,27,Draft,1610612743,Denver,Nuggets,DEN
203520,Livio Jean-Charles,2013,1,28,28,Draft,1610612759,San Antonio,Spurs,SAS
203462,Archie Goodwin,2013,1,29,29,Draft,1610612760,Oklahoma City,Thunder,OKC
203517,Nemanja Nedovic,2013,1,30,30,Draft,1610612756,Phoenix,Suns,PHX
203459,Allen Crabbe,2013,2,1,31,Draft,1610612739,Cleveland,Cavaliers,CLE
203518,Alex Abrines,2013,2,2,32,Draft,1610612760,Oklahoma City,Thunder,OKC
203467,Carrick Felix,2013,2,3,33,Draft,1610612739,Cleveland,Cavaliers,CLE
203477,Isaiah Canaan,2013,2,4,34,Draft,1610612745,Houston,Rockets,HOU
203318,Glen Rice,2013,2,5,35,Draft,1610612755,Philadelphia,76ers,PHI
203492,Ray McCallum,2013,2,6,36,Draft,1610612758,Sacramento,Kings,SAC
203502,Tony Mitchell,2013,2,7,37,Draft,1610612765,Detroit,Pistons,DET
203489,Nate Wolters,2013,2,8,38,Draft,1610612764,Washington,Wizards,WAS
203481,Jeff Withey,2013,2,9,39,Draft,1610612757,Portland,Trail Blazers,POR
203511,Grant Jerrett,2013,2,10,40,Draft,1610612757,Portland,Trail Blazers,POR
203479,Jamaal Franklin,2013,2,11,41,Draft,1610612763,Memphis,Grizzlies,MEM
203510,Pierre Jackson,2013,2,12,42,Draft,1610612755,Philadelphia,76ers,PHI
203495,Ricky Ledo,2013,2,13,43,Draft,1610612749,Milwaukee,Bucks,MIL
203488,Mike Muscala,2013,2,14,44,Draft,1610612742,Dallas,Mavericks,DAL
203525,Marko Todorovic,2013,2,15,45,Draft,1610612757,Portland,Trail Blazers,POR
203475,Erick Green,2013,2,16,46,Draft,1610612762,Utah,Jazz,UTA
203526,Raul Neto,2013,2,17,47,Draft,1610612737,Atlanta,Hawks,ATL
203527,Ryan Kelly,2013,2,18,48,Draft,1610612747,Los Angeles,Lakers,LAL
203513,Erik Murphy,2013,2,19,49,Draft,1610612741,Chicago,Bulls,CHI
203516,James Ennis III,2013,2,20,50,Draft,1610612737,Atlanta,Hawks,ATL
203528,Romero Osby,2013,2,21,51,Draft,1610612753,Orlando,Magic,ORL
203485,Lorenzo Brown,2013,2,22,52,Draft,1610612750,Minnesota,Timberwolves,MIN
203470,Colton Iverson,2013,2,23,53,Draft,1610612754,Indiana,Pacers,IND
203529,Arsalan Kazemi,2013,2,24,54,Draft,1610612764,Washington,Wizards,WAS
203530,Joffrey Lauvergne,2013,2,25,55,Draft,1610612763,Memphis,Grizzlies,MEM
203491,Peyton Siva,2013,2,26,56,Draft,1610612765,Detroit,Pistons,DET
203531,Alex Oriakhi,2013,2,27,57,Draft,1610612756,Phoenix,Suns,PHX
203472,Deshaun Thomas,2013,2,28,58,Draft,1610612759,San Antonio,Spurs,SAS
203532,Bojan Dubljevic,2013,2,29,59,Draft,1610612750,Minnesota,Timberwolves,MIN
203533,Janis Timma,2013,2,30,60,Draft,1610612763,Memphis,Grizzlies,MEM
1626157,Karl-Anthony Towns,2015,1,1,1,Draft,1610612750,Minnesota,Timberwolves,MIN
1626156,D'Angelo Russell,2015,1,2,2,Draft,1610612747,Los Angeles,Lakers,LAL
1626143,Jahlil Okafor,2015,1,3,3,Draft,1610612755,Philadelphia,76ers,PHI
204001,Kristaps Porzingis,2015,1,4,4,Draft,1610612752,New York,Knicks,NYK
1626209,Mario Hezonja,2015,1,5,5,Draft,1610612753,Orlando,Magic,ORL
1626161,Willie Cauley-Stein,2015,1,6,6,Draft,1610612758,Sacramento,Kings,SAC
1626144,Emmanuel Mudiay,2015,1,7,7,Draft,1610612743,Denver,Nuggets,DEN
1626169,Stanley Johnson,2015,1,8,8,Draft,1610612765,Detroit,Pistons,DET
1626163,Frank Kaminsky,2015,1,9,9,Draft,1610612766,Charlotte,Hornets,CHA
1626159,Justise Winslow,2015,1,10,10,Draft,1610612748,Miami,Heat,MIA
1626167,Myles Turner,2015,1,11,11,Draft,1610612754,Indiana,Pacers,IND
1626168,Trey Lyles,2015,1,12,12,Draft,1610612762,Utah,Jazz,UTA
1626164,Devin Booker,2015,1,13,13,Draft,1610612756,Phoenix,Suns,PHX
1626166,Cameron Payne,2015,1,14,14,Draft,1610612760,Oklahoma City,Thunder,OKC
1626162,Kelly Oubre Jr.,2015,1,15,15,Draft,1610612737,Atlanta,Hawks,ATL
1626179,Terry Rozier,2015,1,16,16,Draft,1610612738,Boston,Celtics,BOS
1626173,Rashad Vaughn,2015,1,17,17,Draft,1610612749,Milwaukee,Bucks,MIL
1626155,Sam Dekker,2015,1,18,18,Draft,1610612745,Houston,Rockets,HOU
1626170,Jerian Grant,2015,1,19,19,Draft,1610612764,Washington,Wizards,WAS
1626153,Delon Wright,2015,1,20,20,Draft,1610612761,Toronto,Raptors,TOR
1626147,Justin Anderson,2015,1,21,21,Draft,1610612742,Dallas,Mavericks,DAL
1626171,Bobby Portis,2015,1,22,22,Draft,1610612741,Chicago,Bulls,CHI
1626178,Rondae Hollis-Jefferson,2015,1,23,23,Draft,1610612757,Portland,Trail Blazers,POR
1626145,Tyus Jones,2015,1,24,24,Draft,1610612739,Cleveland,Cavaliers,CLE
1626185,Jarell Martin,2015,1,25,25,Draft,1610612763,Memphis,Grizzlies,MEM
1626221,Nikola Milutinov,2015,1,26,26,Draft,1610612759,San Antonio,Spurs,SAS
1626204,Larry Nance Jr.,2015,1,27,27,Draft,1610612747,Los Angeles,Lakers,LAL
1626154,RJ Hunter,2015,1,28,28,Draft,1610612738,Boston,Celtics,BOS
1626191,Chris McCullough,2015,1,29,29,Draft,1610612751,Brooklyn,Nets,BKN
1626172,Kevon Looney,2015,1,30,30,Draft,1610612744,Golden State,Warriors,GSW
1626224,Cedi Osman,2015,2,1,31,Draft,1610612750,Minnesota,Timberwolves,MIN
1626149,Montrezl Harrell,2015,2,2,32,Draft,1610612745,Houston,Rockets,HOU
1626175,Jordan Mickey,2015,2,3,33,Draft,1610612738,Boston,Celtics,BOS
1626148,Anthony Brown,2015,2,4,34,Draft,1610612747,Los Angeles,Lakers,LAL
1626195,Willy Hernangomez,2015,2,5,35,Draft,1610612755,Philadelphia,76ers,PHI
1626176,Rakeem Christmas,2015,2,6,36,Draft,1610612750,Minnesota,Timberwolves,MIN
1626158,Richaun Holmes,2015,2,7,37,Draft,1610612755,Philadelphia,76ers,PHI
1626199,Darrun Hilliard,2015,2,8,38,Draft,1610612765,Detroit,Pistons,DET
1626225,Juan Pablo Vaulet,2015,2,9,39,Draft,1610612766,Charlotte,Hornets,CHA
1626196,Josh Richardson,2015,2,10,40,Draft,1610612748,Miami,Heat,MIA
1626192,Pat Connaughton,2015,2,11,41,Draft,1610612751,Brooklyn,Nets,BKN
1626152,Olivier Hanlan,2015,2,12,42,Draft,1610612762,Utah,Jazz,UTA
1626202,Joe Young,2015,2,13,43,Draft,1610612754,Indiana,Pacers,IND
1626150,Andrew Harrison,2015,2,14,44,Draft,1610612756,Phoenix,Suns,PHX
1626194,Marcus Thornton,2015,2,15,45,Draft,1610612738,Boston,Celtics,BOS
1626181,Norman Powell,2015,2,16,46,Draft,1610612749,Milwaukee,Bucks,MIL
1626222,Arturas Gudaitis,2015,2,17,47,Draft,1610612755,Philadelphia,76ers,PHI
1626177,Dakari Johnson,2015,2,18,48,Draft,1610612760,Oklahoma City,Thunder,OKC
1626206,Aaron White,2015,2,19,49,Draft,1610612764,Washington,Wizards,WAS
1626226,Marcus Eriksson,2015,2,20,50,Draft,1610612737,Atlanta,Hawks,ATL
1626227,Tyler Harvey,2015,2,21,51,Draft,1610612753,Orlando,Magic,ORL
1626228,Satnam Singh,2015,2,22,52,Draft,1610612742,Dallas,Mavericks,DAL
1626218,Sir'Dominic Pointer,2015,2,23,53,Draft,1610612739,Cleveland,Cavaliers,CLE
1626229,Daniel Diez,2015,2,24,54,Draft,1610612762,Utah,Jazz,UTA
1626215,Cady Lalanne,2015,2,25,55,Draft,1610612759,San Antonio,Spurs,SAS
1626183,Branden Dawson,2015,2,26,56,Draft,1610612740,New Orleans,Pelicans,NOP
1626230,Nikola Radicevic,2015,2,27,57,Draft,1610612743,Denver,Nuggets,DEN
1626160,JP Tokoto,2015,2,28,58,Draft,1610612755,Philadelphia,76ers,PHI
1626231,Dimitrios Agravanis,2015,2,29,59,Draft,1610612737,Atlanta,Hawks,ATL
1626232,Luka Mitrovic,2015,2,30,60,Draft,1610612755,Philadelphia,76ers,PHI
1627732,Ben Simmons,2016,1,1,1,Draft,1610612755,Philadelphia,76ers,PHI
1627742,Brandon Ingram,2016,1,2,2,Draft,1610612747,Los Angeles,Lakers,LAL
1627759,Jaylen Brown,2016,1,3,3,Draft,1610612738,Boston,Celtics,BOS
1627733,Dragan Bender,2016,1,4,4,Draft,1610612756,Phoenix,Suns,PHX
1627739,Kris Dunn,2016,1,5,5,Draft,1610612750,Minnesota,Timberwolves,MIN
1627741,Buddy Hield,2016,1,6,6,Draft,1610612740,New Orleans,Pelicans,NOP
1627750,Jamal Murray,2016,1,7,7,Draft,1610612743,Denver,Nuggets,DEN
1627737,Marquese Chriss,2016,1,8,8,Draft,1610612756,Phoenix,Suns,PHX
1627751,Jakob Poeltl,2016,1,9,9,Draft,1610612761,Toronto,Raptors,TOR
1627748,Thon Maker,2016,1,10,10,Draft,1610612749,Milwaukee,Bucks,MIL
1627734,Domantas Sabonis,2016,1,11,11,Draft,1610612760,Oklahoma City,Thunder,OKC
1627752,Taurean Prince,2016,1,12,12,Draft,1610612762,Utah,Jazz,UTA
1627834,Georgios Papagiannis,2016,1,13,13,Draft,1610612758,Sacramento,Kings,SAC
1627756,Denzel Valentine,2016,1,14,14,Draft,1610612741,Chicago,Bulls,CHI
1627823,Juancho Hernangomez,2016,1,15,15,Draft,1610612743,Denver,Nuggets,DEN
1627824,Guerschon Yabusele,2016,1,16,16,Draft,1610612738,Boston,Celtics,BOS
1627735,Wade Baldwin IV,2016,1,17,17,Draft,1610612763,Memphis,Grizzlies,MEM
1627740,Henry Ellenson,2016,1,18,18,Draft,1610612765,Detroit,Pistons,DET
1627736,Malik Beasley,2016,1,19,19,Draft,1610612743,Denver,Nuggets,DEN
1627747,Caris LeVert,2016,1,20,20,Draft,1610612754,Indiana,Pacers,IND
1627761,DeAndre' Bembry,2016,1,21,21,Draft,1610612737,Atlanta,Hawks,ATL
1627781,Malachi Richardson,2016,1,22,22,Draft,1610612766,Charlotte,Hornets,CHA
1627790,Ante Zizic,2016,1,23,23,Draft,1610612738,Boston,Celtics,BOS
1627789,Timothe Luwawu-Cabarrot,2016,1,24,24,Draft,1610612755,Philadelphia,76ers,PHI
1627744,Brice Johnson,2016,1,25,25,Draft,1610612746,LA,Clippers,LAC
1627788,Furkan Korkmaz,2016,1,26,26,Draft,1610612755,Philadelphia,76ers,PHI
1627783,Pascal Siakam,2016,1,27,27,Draft,1610612761,Toronto,Raptors,TOR
1627746,Skal Labissiere,2016,1,28,28,Draft,1610612758,Sacramento,Kings,SAC
1627749,Dejounte Murray,2016,1,29,29,Draft,1610612759,San Antonio,Spurs,SAS
1627745,Damian Jones,2016,1,30,30,Draft,1610612744,Golden State,Warriors,GSW
1627738,Deyonta Davis,2016,2,1,31,Draft,1610612738,Boston,Celtics,BOS
1627826,Ivica Zubac,2016,2,2,32,Draft,1610612747,Los Angeles,Lakers,LAL
1627767,Cheick Diallo,2016,2,3,33,Draft,1610612746,LA,Clippers,LAC
1627755,Tyler Ulis,2016,2,4,34,Draft,1610612756,Phoenix,Suns,PHX
1627825,Rade Zagorac,2016,2,5,35,Draft,1610612738,Boston,Celtics,BOS
1627763,Malcolm Brogdon,2016,2,6,36,Draft,1610612749,Milwaukee,Bucks,MIL
1627778,Chinanu Onuaku,2016,2,7,37,Draft,1610612745,Houston,Rockets,HOU
1627775,Patrick McCaw,2016,2,8,38,Draft,1610612744,Golden State,Warriors,GSW
1627837,David Michineau,2016,2,9,39,Draft,1610612740,New Orleans,Pelicans,NOP
1627754,Diamond Stone,2016,2,10,40,Draft,1610612740,New Orleans,Pelicans,NOP
1627757,Stephen Zimmerman,2016,2,11,41,Draft,1610612753,Orlando,Magic,ORL
1627785,Isaiah Whitehead,2016,2,12,42,Draft,1610612751,Brooklyn,Nets,BKN
1627753,Zhou Qi,2016,2,13,43,Draft,1610612745,Houston,Rockets,HOU
1627833,Isaia Cordinier,2016,2,14,44,Draft,1610612737,Atlanta,Hawks,ATL
1627743,Demetrius Jackson,2016,2,15,45,Draft,1610612738,Boston,Celtics,BOS
1627773,AJ Hammons,2016,2,16,46,Draft,1610612742,Dallas,Mavericks,DAL
1627774,Jake Layman,2016,2,17,47,Draft,1610612753,Orlando,Magic,ORL
1627835,Paul Zipser,2016,2,18,48,Draft,1610612741,Chicago,Bulls,CHI
1627771,Michael Gbinije,2016,2,19,49,Draft,1610612765,Detroit,Pistons,DET
1627777,Georges Niang,2016,2,20,50,Draft,1610612754,Indiana,Pacers,IND
1627791,Ben Bentil,2016,2,21,51,Draft,1610612738,Boston,Celtics,BOS
1627762,Joel Bolomboy,2016,2,22,52,Draft,1610612762,Utah,Jazz,UTA
1627822,Petr Cornelie,2016,2,23,53,Draft,1610612743,Denver,Nuggets,DEN
1627770,Kay Felder,2016,2,24,54,Draft,1610612737,Atlanta,Hawks,ATL
1627779,Marcus Paige,2016,2,25,55,Draft,1610612762,Utah,Jazz,UTA
1627772,Daniel Hamilton,2016,2,26,56,Draft,1610612743,Denver,Nuggets,DEN
1627845,Wang Zhelin,2016,2,27,57,Draft,1610612763,Memphis,Grizzlies,MEM
1627846,Abdel Nader,2016,2,28,58,Draft,1610612738,Boston,Celtics,BOS
1627766,Isaiah Cousins,2016,2,29,59,Draft,1610612758,Sacramento,Kings,SAC
1627820,Tyrone Wallace,2016,2,30,60,Draft,1610612762,Utah,Jazz,UTA
1628365,Markelle Fultz,2017,1,1,1,Draft,1610612755,Philadelphia,76ers,PHI
1628366,Lonzo Ball,2017,1,2,2,Draft,1610612747,Los Angeles,Lakers,LAL
1628369,Jayson Tatum,2017,1,3,3,Draft,1610612738,Boston,Celtics,BOS
1628367,Josh Jackson,2017,1,4,4,Draft,1610612756,Phoenix,Suns,PHX
1628368,De'Aaron Fox,2017,1,5,5,Draft,1610612758,Sacramento,Kings,SAC
1628371,Jonathan Isaac,2017,1,6,6,Draft,1610612753,Orlando,Magic,ORL
1628374,Lauri Markkanen,2017,1,7,7,Draft,1610612750,Minnesota,Timberwolves,MIN
1628373,Frank Ntilikina,2017,1,8,8,Draft,1610612752,New York,Knicks,NYK
1628372,Dennis Smith Jr.,2017,1,9,9,Draft,1610612742,Dallas,Mavericks,DAL
1628380,Zach Collins,2017,1,10,10,Draft,1610612758,Sacramento,Kings,SAC
1628370,Malik Monk,2017,1,11,11,Draft,1610612766,Charlotte,Hornets,CHA
1628379,Luke Kennard,2017,1,12,12,Draft,1610612765,Detroit,Pistons,DET
1628378,Donovan Mitchell,2017,1,13,13,Draft,1610612743,Denver,Nuggets,DEN
1628389,Bam Adebayo,2017,1,14,14,Draft,1610612748,Miami,Heat,MIA
1628382,Justin Jackson,2017,1,15,15,Draft,1610612757,Portland,Trail Blazers,POR
1628383,Justin Patton,2017,1,16,16,Draft,1610612741,Chicago,Bulls,CHI
1628391,D.J. Wilson,2017,1,17,17,Draft,1610612749,Milwaukee,Bucks,MIL
1628388,T.J. Leaf,2017,1,18,18,Draft,1610612754,Indiana,Pacers,IND
1628381,John Collins,2017,1,19,19,Draft,1610612737,Atlanta,Hawks,ATL
1628385,Harry Giles III,2017,1,20,20,Draft,1610612757,Portland,Trail Blazers,POR
1628390,Terrance Ferguson,2017,1,21,21,Draft,1610612760,Oklahoma City,Thunder,OKC
1628386,Jarrett Allen,2017,1,22,22,Draft,1610612751,Brooklyn,Nets,BKN
1628384,O.G. Anunoby,2017,1,23,23,Draft,1610612761,Toronto,Raptors,TOR
1628399,Tyler Lydon,2017,1,24,24,Draft,1610612762,Utah,Jazz,UTA
1628394,Anzejs Pasecniks,2017,1,25,25,Draft,1610612753,Orlando,Magic,ORL
1628403,Caleb Swanigan,2017,1,26,26,Draft,1610612757,Portland,Trail Blazers,POR
1628398,Kyle Kuzma,2017,1,27,27,Draft,1610612751,Brooklyn,Nets,BKN
1628396,Tony Bradley,2017,1,28,28,Draft,1610612747,Los Angeles,Lakers,LAL
1628401,Derrick White,2017,1,29,29,Draft,1610612759,San Antonio,Spurs,SAS
1628404,Josh Hart,2017,1,30,30,Draft,1610612762,Utah,Jazz,UTA
1628402,Frank Jackson,2017,2,1,31,Draft,1610612766,Charlotte,Hornets,CHA
1628432,Davon Reed,2017,2,2,32,Draft,1610612756,Phoenix,Suns,PHX
1628411,Wes Iwundu,2017,2,3,33,Draft,1610612753,Orlando,Magic,ORL
1628412,Frank Mason III,2017,2,4,34,Draft,1610612758,Sacramento,Kings,SAC
1628397,Ivan Rabb,2017,2,5,35,Draft,1610612753,Orlando,Magic,ORL
1628413,Jonah Bolden,2017,2,6,36,Draft,1610612755,Philadelphia,76ers,PHI
1628400,Semi Ojeleye,2017,2,7,37,Draft,1610612738,Boston,Celtics,BOS
1628395,Jordan Bell,2017,2,8,38,Draft,1610612741,Chicago,Bulls,CHI
1628393,Jawun Evans,2017,2,9,39,Draft,1610612755,Philadelphia,76ers,PHI
1628407,Dwayne Bacon,2017,2,10,40,Draft,1610612740,New Orleans,Pelicans,NOP
1628416,Tyler Dorsey,2017,2,11,41,Draft,1610612737,Atlanta,Hawks,ATL
1628418,Thomas Bryant,2017,2,12,42,Draft,1610612762,Utah,Jazz,UTA
1628392,Isaiah Hartenstein,2017,2,13,43,Draft,1610612745,Houston,Rockets,HOU
1628422,Damyean Dotson,2017,2,14,44,Draft,1610612752,New York,Knicks,NYK
1628415,Dillon Brooks,2017,2,15,45,Draft,1610612745,Houston,Rockets,HOU
1628425,Sterling Brown,2017,2,16,46,Draft,1610612755,Philadelphia,76ers,PHI
1628387,Ike Anigbogu,2017,2,17,47,Draft,1610612754,Indiana,Pacers,IND
1628414,Sindarius Thornwell,2017,2,18,48,Draft,1610612749,Milwaukee,Bucks,MIL
1628427,Vlatko Cancar,2017,2,19,49,Draft,1610612743,Denver,Nuggets,DEN
1628406,Mathias Lessort,2017,2,20,50,Draft,1610612755,Philadelphia,76ers,PHI
1628420,Monte Morris,2017,2,21,51,Draft,1610612743,Denver,Nuggets,DEN
1628410,Edmond Sumner,2017,2,22,52,Draft,1610612740,New Orleans,Pelicans,NOP
1628443,Kadeem Allen,2017,2,23,53,Draft,1610612738,Boston,Celtics,BOS
1628409,Alec Peters,2017,2,24,54,Draft,1610612756,Phoenix,Suns,PHX
1628430,Nigel Williams-Goss,2017,2,25,55,Draft,1610612762,Utah,Jazz,UTA
1628444,Jabari Bird,2017,2,26,56,Draft,1610612738,Boston,Celtics,BOS
1628426,Aleksandar Vezenkov,2017,2,27,57,Draft,1610612751,Brooklyn,Nets,BKN
1628445,Ognjen Jaramaz,2017,2,28,58,Draft,1610612752,New York,Knicks,NYK
1628417,Jaron Blossomgame,2017,2,29,59,Draft,1610612759,San Antonio,Spurs,SAS
1628446,Alpha Kaba,2017,2,30,60,Draft,1610612737,Atlanta,Hawks,ATL
1629028,Deandre Ayton,2018,1,1,1,Draft,1610612756,Phoenix,Suns,PHX
1628963,Marvin Bagley III,2018,1,2,2,Draft,1610612758,Sacramento,Kings,SAC
1629029,Luka Doncic,2018,1,3,3,Draft,1610612737,Atlanta,Hawks,ATL
1628991,Jaren Jackson Jr.,2018,1,4,4,Draft,1610612763,Memphis,Grizzlies,MEM
1629027,Trae Young,2018,1,5,5,Draft,1610612742,Dallas,Mavericks,DAL
1628964,Mo Bamba,2018,1,6,6,Draft,1610612753,Orlando,Magic,ORL
1628976,Wendell Carter Jr.,2018,1,7,7,Draft,1610612741,Chicago,Bulls,CHI
1629012,Collin Sexton,2018,1,8,8,Draft,1610612739,Cleveland,Cavaliers,CLE
1628995,Kevin Knox II,2018,1,9,9,Draft,1610612752,New York,Knicks,NYK
1628969,Mikal Bridges,2018,1,10,10,Draft,1610612755,Philadelphia,76ers,PHI
1628983,Shai Gilgeous-Alexander,2018,1,11,11,Draft,1610612766,Charlotte,Hornets,CHA
1628970,Miles Bridges,2018,1,12,12,Draft,1610612746,LA,Clippers,LAC
1629010,Jerome Robinson,2018,1,13,13,Draft,1610612746,LA,Clippers,LAC
1629008,Michael Porter Jr.,2018,1,14,14,Draft,1610612743,Denver,Nuggets,DEN
1628972,Troy Brown Jr.,2018,1,15,15,Draft,1610612764,Washington,Wizards,WAS
1629015,Zhaire Smith,2018,1,16,16,Draft,1610612756,Phoenix,Suns,PHX
1628978,Donte DiVincenzo,2018,1,17,17,Draft,1610612749,Milwaukee,Bucks,MIL
1629022,Lonnie Walker IV,2018,1,18,18,Draft,1610612759,San Antonio,Spurs,SAS
1628989,Kevin Huerter,2018,1,19,19,Draft,1610612737,Atlanta,Hawks,ATL
1629006,Josh Okogie,2018,1,20,20,Draft,1610612750,Minnesota,Timberwolves,MIN
1628960,Grayson Allen,2018,1,21,21,Draft,1610612762,Utah,Jazz,UTA
1628990,Chandler Hutchison,2018,1,22,22,Draft,1610612741,Chicago,Bulls,CHI
1628988,Aaron Holiday,2018,1,23,23,Draft,1610612754,Indiana,Pacers,IND
1629014,Anfernee Simons,2018,1,24,24,Draft,1610612757,Portland,Trail Blazers,POR
1629021,Moritz Wagner,2018,1,25,25,Draft,1610612747,Los Angeles,Lakers,LAL
1629013,Landry Shamet,2018,1,26,26,Draft,1610612755,Philadelphia,76ers,PHI
1629057,Robert Williams III,2018,1,27,27,Draft,1610612738,Boston,Celtics,BOS
1628980,Jacob Evans,2018,1,28,28,Draft,1610612744,Golden State,Warriors,GSW
1629058,Dzanan Musa,2018,1,29,29,Draft,1610612751,Brooklyn,Nets,BKN
1629016,Omari Spellman,2018,1,30,30,Draft,1610612737,Atlanta,Hawks,ATL
1629059,Elie Okobo,2018,2,1,31,Draft,1610612756,Phoenix,Suns,PHX
1628975,Jevon Carter,2018,2,2,32,Draft,1610612763,Memphis,Grizzlies,MEM
1628973,Jalen Brunson,2018,2,3,33,Draft,1610612742,Dallas,Mavericks,DAL
1628984,Devonte' Graham,2018,2,4,34,Draft,1610612737,Atlanta,Hawks,ATL
1628982,Melvin Frazier Jr.,2018,2,5,35,Draft,1610612753,Orlando,Magic,ORL
1629011,Mitchell Robinson,2018,2,6,36,Draft,1610612752,New York,Knicks,NYK
1629018,Gary Trent Jr.,2018,2,7,37,Draft,1610612758,Sacramento,Kings,SAC
1629017,Khyri Thomas,2018,2,8,38,Draft,1610612755,Philadelphia,76ers,PHI
1629067,Isaac Bonga,2018,2,9,39,Draft,1610612755,Philadelphia,76ers,PHI
1629066,Rodions Kurucs,2018,2,10,40,Draft,1610612751,Brooklyn,Nets,BKN
1629020,Jarred Vanderbilt,2018,2,11,41,Draft,1610612753,Orlando,Magic,ORL
1628971,Bruce Brown,2018,2,12,42,Draft,1610612765,Detroit,Pistons,DET
1628992,Justin Jackson,2018,2,13,43,Draft,1610612743,Denver,Nuggets,DEN
1629068,Issuf Sanon,2018,2,14,44,Draft,1610612764,Washington,Wizards,WAS
1628977,Hamidou Diallo,2018,2,15,45,Draft,1610612751,Brooklyn,Nets,BKN
1629001,De'Anthony Melton,2018,2,16,46,Draft,1610612745,Houston,Rockets,HOU
1629004,Svi Mykhailiuk,2018,2,17,47,Draft,1610612747,Los Angeles,Lakers,LAL
1628966,Keita Bates-Diop,2018,2,18,48,Draft,1610612750,Minnesota,Timberwolves,MIN
1629002,Chimezie Metu,2018,2,19,49,Draft,1610612749,Milwaukee,Bucks,MIL
1628993,Alize Johnson,2018,2,20,50,Draft,1610612754,Indiana,Pacers,IND
1628974,Tony Carr,2018,2,21,51,Draft,1610612740,New Orleans,Pelicans,NOP
1629053,Vincent Edwards,2018,2,22,52,Draft,1610612762,Utah,Jazz,UTA
1628985,Devon Hall,2018,2,23,53,Draft,1610612760,Oklahoma City,Thunder,OKC
1629003,Shake Milton,2018,2,24,54,Draft,1610612742,Dallas,Mavericks,DAL
1629083,Arnoldas Kulboka,2018,2,25,55,Draft,1610612766,Charlotte,Hornets,CHA
1629034,Ray Spalding,2018,2,26,56,Draft,1610612755,Philadelphia,76ers,PHI
1628987,Kevin Hervey,2018,2,27,57,Draft,1610612760,Oklahoma City,Thunder,OKC
1629118,Thomas Welsh,2018,2,28,58,Draft,1610612743,Denver,Nuggets,DEN
1628994,George King,2018,2,29,59,Draft,1610612756,Phoenix,Suns,PHX
1628961,Kostas Antetokounmpo,2018,2,30,60,Draft,1610612755,Philadelphia,76ers,PHI
1629627,Zion Williamson,2019,1,1,1,Draft,1610612740,New Orleans,Pelicans,NOP
1629630,Ja Morant,2019,1,2,2,Draft,1610612763,Memphis,Grizzlies,MEM
1629628,RJ Barrett,2019,1,3,3,Draft,1610612752,New York,Knicks,NYK
1629631,De'Andre Hunter,2019,1,4,4,Draft,1610612747,Los Angeles,Lakers,LAL
1629636,Darius Garland,2019,1,5,5,Draft,1610612739,Cleveland,Cavaliers,CLE
1629633,Jarrett Culver,2019,1,6,6,Draft,1610612756,Phoenix,Suns,PHX
1629632,Coby White,2019,1,7,7,Draft,1610612741,Chicago,Bulls,CHI
1629637,Jaxson Hayes,2019,1,8,8,Draft,1610612737,Atlanta,Hawks,ATL
1629060,Rui Hachimura,2019,1,9,9,Draft,1610612764,Washington,Wizards,WAS
1629629,Cam Reddish,2019,1,10,10,Draft,1610612737,Atlanta,Hawks,ATL
1629661,Cameron Johnson,2019,1,11,11,Draft,1610612750,Minnesota,Timberwolves,MIN
1629023,P.J. Washington,2019,1,12,12,Draft,1610612766,Charlotte,Hornets,CHA
1629639,Tyler Herro,2019,1,13,13,Draft,1610612748,Miami,Heat,MIA
1629641,Romeo Langford,2019,1,14,14,Draft,1610612738,Boston,Celtics,BOS
1629635,Sekou Doumbouya,2019,1,15,15,Draft,1610612765,Detroit,Pistons,DET
1629643,Chuma Okeke,2019,1,16,16,Draft,1610612753,Orlando,Magic,ORL
1629638,Nickeil Alexander-Walker,2019,1,17,17,Draft,1610612751,Brooklyn,Nets,BKN
1629048,Goga Bitadze,2019,1,18,18,Draft,1610612754,Indiana,Pacers,IND
1629677,Luka Samanic,2019,1,19,19,Draft,1610612759,San Antonio,Spurs,SAS
1629680,Matisse Thybulle,2019,1,20,20,Draft,1610612738,Boston,Celtics,BOS
1629634,Brandon Clarke,2019,1,21,21,Draft,1610612760,Oklahoma City,Thunder,OKC
1629684,Grant Williams,2019,1,22,22,Draft,1610612738,Boston,Celtics,BOS
1629647,Darius Bazley,2019,1,23,23,Draft,1610612762,Utah,Jazz,UTA
1629660,Ty Jerome,2019,1,24,24,Draft,1610612755,Philadelphia,76ers,PHI
1629642,Nassir Little,2019,1,25,25,Draft,1610612757,Portland,Trail Blazers,POR
1629685,Dylan Windler,2019,1,26,26,Draft,1610612739,Cleveland,Cavaliers,CLE
1629662,Mfiondu Kabengele,2019,1,27,27,Draft,1610612751,Brooklyn,Nets,BKN
1629673,Jordan Poole,2019,1,28,28,Draft,1610612744,Golden State,Warriors,GSW
1629640,Keldon Johnson,2019,1,29,29,Draft,1610612759,San Antonio,Spurs,SAS
1629645,Kevin Porter Jr.,2019,1,30,30,Draft,1610612749,Milwaukee,Bucks,MIL
1629651,Nic Claxton,2019,2,1,31,Draft,1610612751,Brooklyn,Nets,BKN
1629644,KZ Okpala,2019,2,2,32,Draft,1610612756,Phoenix,Suns,PHX
1629035,Carsen Edwards,2019,2,3,33,Draft,1610612755,Philadelphia,76ers,PHI
1628981,Bruno Fernando,2019,2,4,34,Draft,1610612755,Philadelphia,76ers,PHI
1629712,Didi Louzada,2019,2,5,35,Draft,1610612737,Atlanta,Hawks,ATL
1628998,Cody Martin,2019,2,6,36,Draft,1610612766,Charlotte,Hornets,CHA
1629686,Deividas Sirvydis,2019,2,7,37,Draft,1610612742,Dallas,Mavericks,DAL
1629655,Daniel Gafford,2019,2,8,38,Draft,1610612741,Chicago,Bulls,CHI
1629346,Alen Smailagic,2019,2,9,39,Draft,1610612740,New Orleans,Pelicans,NOP
1629713,Justin James,2019,2,10,40,Draft,1610612758,Sacramento,Kings,SAC
1629672,Eric Paschall,2019,2,11,41,Draft,1610612744,Golden State,Warriors,GSW
1629678,Admiral Schofield,2019,2,12,42,Draft,1610612755,Philadelphia,76ers,PHI
1629669,Jaylen Nowell,2019,2,13,43,Draft,1610612750,Minnesota,Timberwolves,MIN
1629626,Bol Bol,2019,2,14,44,Draft,1610612748,Miami,Heat,MIA
1629676,Isaiah Roby,2019,2,15,45,Draft,1610612765,Detroit,Pistons,DET
1629659,Talen Horton-Tucker,2019,2,16,46,Draft,1610612753,Orlando,Magic,ORL
1629649,Ignas Brazdeikis,2019,2,17,47,Draft,1610612758,Sacramento,Kings,SAC
1629611,Terance Mann,2019,2,18,48,Draft,1610612746,LA,Clippers,LAC
1629683,Quinndary Weatherspoon,2019,2,19,49,Draft,1610612759,San Antonio,Spurs,SAS
1629714,Jarrell Brantley,2019,2,20,50,Draft,1610612754,Indiana,Pacers,IND
1629682,Tremont Waters,2019,2,21,51,Draft,1610612738,Boston,Celtics,BOS
1629667,Jalen McDaniels,2019,2,22,52,Draft,1610612766,Charlotte,Hornets,CHA
1629625,Justin Wright-Foreman,2019,2,23,53,Draft,1610612762,Utah,Jazz,UTA
1629621,Marial Shayok,2019,2,24,54,Draft,1610612755,Philadelphia,76ers,PHI
1629657,Kyle Guy,2019,2,25,55,Draft,1610612752,New York,Knicks,NYK
1628986,Jaylen Hands,2019,2,26,56,Draft,1610612746,LA,Clippers,LAC
1629648,Jordan Bone,2019,2,27,57,Draft,1610612740,New Orleans,Pelicans,NOP
1629671,Miye Oni,2019,2,28,58,Draft,1610612744,Golden State,Warriors,GSW
1629608,Dewan Hernandez,2019,2,29,59,Draft,1610612761,Toronto,Raptors,TOR
1629079,Vanja Marinkovic,2019,2,30,60,Draft,1610612758,Sacramento,Kings,SAC
1630162,Anthony Edwards,2020,1,1,1,Draft,1610612750,Minnesota,Timberwolves,MIN
1630164,James Wiseman,2020,1,2,2,Draft,1610612744,Golden State,Warriors,GSW
1630163,LaMelo Ball,2020,1,3,3,Draft,1610612766,Charlotte,Hornets,CHA
1630172,Patrick Williams,2020,1,4,4,Draft,1610612741,Chicago,Bulls,CHI
1630171,Isaac Okoro,2020,1,5,5,Draft,1610612739,Cleveland,Cavaliers,CLE
1630168,Onyeka Okongwu,2020,1,6,6,Draft,1610612737,Atlanta,Hawks,ATL
1630165,Killian Hayes,2020,1,7,7,Draft,1610612765,Detroit,Pistons,DET
1630167,Obi Toppin,2020,1,8,8,Draft,1610612752,New York,Knicks,NYK
1630166,Deni Avdija,2020,1,9,9,Draft,1610612764,Washington,Wizards,WAS
1630188,Jalen Smith,2020,1,10,10,Draft,1610612756,Phoenix,Suns,PHX
1630170,Devin Vassell,2020,1,11,11,Draft,1610612759,San Antonio,Spurs,SAS
1630169,Tyrese Haliburton,2020,1,12,12,Draft,1610612758,Sacramento,Kings,SAC
1630184,Kira Lewis Jr.,2020,1,13,13,Draft,1610612740,New Orleans,Pelicans,NOP
1630174,Aaron Nesmith,2020,1,14,14,Draft,1610612738,Boston,Celtics,BOS
1630175,Cole Anthony,2020,1,15,15,Draft,1610612753,Orlando,Magic,ORL
1630191,Isaiah Stewart,2020,1,16,16,Draft,1610612757,Portland,Trail Blazers,POR
1630197,Aleksej Pokusevski,2020,1,17,17,Draft,1610612750,Minnesota,Timberwolves,MIN
1630182,Josh Green,2020,1,18,18,Draft,1610612742,Dallas,Mavericks,DAL
1630180,Saddiq Bey,2020,1,19,19,Draft,1610612751,Brooklyn,Nets,BKN
1630173,Precious Achiuwa,2020,1,20,20,Draft,1610612748,Miami,Heat,MIA
1630178,Tyrese Maxey,2020,1,21,21,Draft,1610612755,Philadelphia,76ers,PHI
1630192,Zeke Nnaji,2020,1,22,22,Draft,1610612743,Denver,Nuggets,DEN
1630195,Leandro Bolmaro,2020,1,23,23,Draft,1610612752,New York,Knicks,NYK
1630181,R.J. Hampton,2020,1,24,24,Draft,1610612749,Milwaukee,Bucks,MIL
1630193,Immanuel Quickley,2020,1,25,25,Draft,1610612760,Oklahoma City,Thunder,OKC
1630202,Payton Pritchard,2020,1,26,26,Draft,1610612738,Boston,Celtics,BOS
1628962,Udoka Azubuike,2020,1,27,27,Draft,1610612762,Utah,Jazz,UTA
1630183,Jaden McDaniels,2020,1,28,28,Draft,1610612747,Los Angeles,Lakers,LAL
1630201,Malachi Flynn,2020,1,29,29,Draft,1610612761,Toronto,Raptors,TOR
1630217,Desmond Bane,2020,1,30,30,Draft,1610612738,Boston,Celtics,BOS
1630179,Tyrell Terry,2020,2,1,31,Draft,1610612742,Dallas,Mavericks,DAL
1630176,Vernon Carey Jr.,2020,2,2,32,Draft,1610612766,Charlotte,Hornets,CHA
1630187,Daniel Oturu,2020,2,3,33,Draft,1610612750,Minnesota,Timberwolves,MIN
1630177,Theo Maledon,2020,2,4,34,Draft,1610612755,Philadelphia,76ers,PHI
1630214,Xavier Tillman,2020,2,5,35,Draft,1610612758,Sacramento,Kings,SAC
1630189,Tyler Bey,2020,2,6,36,Draft,1610612755,Philadelphia,76ers,PHI
1630249,Vit Krejci,2020,2,7,37,Draft,1610612764,Washington,Wizards,WAS
1630240,Saben Lee,2020,2,8,38,Draft,1610612762,Utah,Jazz,UTA
1630190,Elijah Hughes,2020,2,9,39,Draft,1610612740,New Orleans,Pelicans,NOP
1630218,Robert Woodard II,2020,2,10,40,Draft,1610612763,Memphis,Grizzlies,MEM
1630200,Tre Jones,2020,2,11,41,Draft,1610612759,San Antonio,Spurs,SAS
1630208,Nick Richards,2020,2,12,42,Draft,1610612740,New Orleans,Pelicans,NOP
1630186,Jahmi'us Ramsey,2020,2,13,43,Draft,1610612758,Sacramento,Kings,SAC
1630250,Marko Simonovic,2020,2,14,44,Draft,1610612741,Chicago,Bulls,CHI
1629670,Jordan Nwora,2020,2,15,45,Draft,1610612749,Milwaukee,Bucks,MIL
1629604,CJ Elleby,2020,2,16,46,Draft,1610612757,Portland,Trail Blazers,POR
1630236,Yam Madar,2020,2,17,47,Draft,1610612738,Boston,Celtics,BOS
1630185,Nico Mannion,2020,2,18,48,Draft,1610612744,Golden State,Warriors,GSW
1630198,Isaiah Joe,2020,2,19,49,Draft,1610612755,Philadelphia,76ers,PHI
1630219,Skylar Mays,2020,2,20,50,Draft,1610612737,Atlanta,Hawks,ATL
1630251,Justinian Jessup,2020,2,21,51,Draft,1610612744,Golden State,Warriors,GSW
1630231,Kenyon Martin Jr.,2020,2,22,52,Draft,1610612758,Sacramento,Kings,SAC
1630216,Cassius Winston,2020,2,23,53,Draft,1610612760,Oklahoma City,Thunder,OKC
1630199,Cassius Stanley,2020,2,24,54,Draft,1610612754,Indiana,Pacers,IND
1630206,Jay Scrubb,2020,2,25,55,Draft,1610612751,Brooklyn,Nets,BKN
1630203,Grant Riller,2020,2,26,56,Draft,1610612766,Charlotte,Hornets,CHA
1629617,Reggie Perry,2020,2,27,57,Draft,1610612746,LA,Clippers,LAC
1630194,Paul Reed,2020,2,28,58,Draft,1610612755,Philadelphia,76ers,PHI
1630223,Jalen Harris,2020,2,29,59,Draft,1610612761,Toronto,Raptors,TOR
1630241,Sam Merrill,2020,2,30,60,Draft,1610612740,New Orleans,Pelicans,NOP
1630595,Cade Cunningham,2021,1,1,1,Draft,1610612765,Detroit,Pistons,DET
1630224,Jalen Green,2021,1,2,2,Draft,1610612745,Houston,Rockets,HOU
1630596,Evan Mobley,2021,1,3,3,Draft,1610612739,Cleveland,Cavaliers,CLE
1630567,Scottie Barnes,2021,1,4,4,Draft,1610612761,Toronto,Raptors,TOR
1630591,Jalen Suggs,2021,1,5,5,Draft,1610612753,Orlando,Magic,ORL
1630581,Josh Giddey,2021,1,6,6,Draft,1610612760,Oklahoma City,Thunder,OKC
1630228,Jonathan Kuminga,2021,1,7,7,Draft,1610612744,Golden State,Warriors,GSW
1630532,Franz Wagner,2021,1,8,8,Draft,1610612753,Orlando,Magic,ORL
1630558,Davion Mitchell,2021,1,9,9,Draft,1610612758,Sacramento,Kings,SAC
1630533,Ziaire Williams,2021,1,10,10,Draft,1610612740,New Orleans,Pelicans,NOP
1630547,James Bouknight,2021,1,11,11,Draft,1610612766,Charlotte,Hornets,CHA
1630563,Joshua Primo,2021,1,12,12,Draft,1610612759,San Antonio,Spurs,SAS
1630537,Chris Duarte,2021,1,13,13,Draft,1610612754,Indiana,Pacers,IND
1630541,Moses Moody,2021,1,14,14,Draft,1610612744,Golden State,Warriors,GSW
1630557,Corey Kispert,2021,1,15,15,Draft,1610612764,Washington,Wizards,WAS
1630578,Alperen Sengun,2021,1,16,16,Draft,1610612760,Oklahoma City,Thunder,OKC
1630530,Trey Murphy III,2021,1,17,17,Draft,1610612763,Memphis,Grizzlies,MEM
1630544,Tre Mann,2021,1,18,18,Draft,1610612760,Oklahoma City,Thunder,OKC
1630539,Kai Jones,2021,1,19,19,Draft,1610612752,New York,Knicks,NYK
1630552,Jalen Johnson,2021,1,20,20,Draft,1610612737,Atlanta,Hawks,ATL
1630553,Keon Johnson,2021,1,21,21,Draft,1610612752,New York,Knicks,NYK
1630543,Isaiah Jackson,2021,1,22,22,Draft,1610612747,Los Angeles,Lakers,LAL
1630586,Usman Garuba,2021,1,23,23,Draft,1610612745,Houston,Rockets,HOU
1630528,Josh Christopher,2021,1,24,24,Draft,1610612745,Houston,Rockets,HOU
1629656,Quentin Grimes,2021,1,25,25,Draft,1610612746,LA,Clippers,LAC
1630538,Bones Hyland,2021,1,26,26,Draft,1610612743,Denver,Nuggets,DEN
1630560,Cam Thomas,2021,1,27,27,Draft,1610612751,Brooklyn,Nets,BKN
1630531,Jaden Springer,2021,1,28,28,Draft,1610612755,Philadelphia,76ers,PHI
1630549,Day'Ron Sharpe,2021,1,29,29,Draft,1610612756,Phoenix,Suns,PHX
1630583,Santi Aldama,2021,1,30,30,Draft,1610612762,Utah,Jazz,UTA
1630225,Isaiah Todd,2021,2,1,31,Draft,1610612749,Milwaukee,Bucks,MIL
1630526,Jeremiah Robinson-Earl,2021,2,2,32,Draft,1610612752,New York,Knicks,NYK
1630554,Jason Preston,2021,2,3,33,Draft,1610612753,Orlando,Magic,ORL
1630599,Rokas Jokubaitis,2021,2,4,34,Draft,1610612760,Oklahoma City,Thunder,OKC
1630529,Herbert Jones,2021,2,5,35,Draft,1610612740,New Orleans,Pelicans,NOP
1630540,Miles McBride,2021,2,6,36,Draft,1610612760,Oklahoma City,Thunder,OKC
1630550,JT Thor,2021,2,7,37,Draft,1610612765,Detroit,Pistons,DET
1630245,Ayo Dosunmu,2021,2,8,38,Draft,1610612741,Chicago,Bulls,CHI
1629674,Neemias Queta,2021,2,9,39,Draft,1610612758,Sacramento,Kings,SAC
1630215,Jared Butler,2021,2,10,40,Draft,1610612758,Sacramento,Kings,SAC
1630580,Joe Wieskamp,2021,2,11,41,Draft,1610612759,San Antonio,Spurs,SAS
1630587,Isaiah Livers,2021,2,12,42,Draft,1610612765,Detroit,Pistons,DET
1630535,Greg Brown III,2021,2,13,43,Draft,1610612740,New Orleans,Pelicans,NOP
1630556,Kessler Edwards,2021,2,14,44,Draft,1610612751,Brooklyn,Nets,BKN
1630584,Juhann Begarin,2021,2,15,45,Draft,1610612738,Boston,Celtics,BOS
1630625,Dalano Banton,2021,2,16,46,Draft,1610612761,Toronto,Raptors,TOR
1630525,David Johnson,2021,2,17,47,Draft,1610612761,Toronto,Raptors,TOR
1630536,Sharife Cooper,2021,2,18,48,Draft,1610612737,Atlanta,Hawks,ATL
1630681,Marcus Zegarowski,2021,2,19,49,Draft,1610612751,Brooklyn,Nets,BKN
1630196,Filip Petrusev,2021,2,20,50,Draft,1610612755,Philadelphia,76ers,PHI
1630527,Brandon Boston Jr.,2021,2,21,51,Draft,1610612763,Memphis,Grizzlies,MEM
1630568,Luka Garza,2021,2,22,52,Draft,1610612765,Detroit,Pistons,DET
1629646,Charles Bassey,2021,2,23,53,Draft,1610612755,Philadelphia,76ers,PHI
1630572,Sandro Mamukelashvili,2021,2,24,54,Draft,1610612754,Indiana,Pacers,IND
1630598,Aaron Wiggins,2021,2,25,55,Draft,1610612760,Oklahoma City,Thunder,OKC
1630575,Scottie Lewis,2021,2,26,56,Draft,1610612766,Charlotte,Hornets,CHA
1630638,Balsa Koprivica,2021,2,27,57,Draft,1610612766,Charlotte,Hornets,CHA
1630579,Jericho Sims,2021,2,28,58,Draft,1610612752,New York,Knicks,NYK
1630564,RaiQuan Gray,2021,2,29,59,Draft,1610612751,Brooklyn,Nets,BKN
1630686,Georgios Kalaitzakis,2021,2,30,60,Draft,1610612754,Indiana,Pacers,IND
1631094,Paolo Banchero,2022,1,1,1,Draft,1610612753,Orlando,Magic,ORL
1631096,Chet Holmgren,2022,1,2,2,Draft,1610612760,Oklahoma City,Thunder,OKC
1631095,Jabari Smith Jr.,2022,1,3,3,Draft,1610612745,Houston,Rockets,HOU
1631099,Keegan Murray,2022,1,4,4,Draft,1610612758,Sacramento,Kings,SAC
1631093,Jaden Ivey,2022,1,5,5,Draft,1610612765,Detroit,Pistons,DET
1631097,Bennedict Mathurin,2022,1,6,6,Draft,1610612754,Indiana,Pacers,IND
1631101,Shaedon Sharpe,2022,1,7,7,Draft,1610612757,Portland,Trail Blazers,POR
1630700,Dyson Daniels,2022,1,8,8,Draft,1610612740,New Orleans,Pelicans,NOP
1631110,Jeremy Sochan,2022,1,9,9,Draft,1610612759,San Antonio,Spurs,SAS
1631098,Johnny Davis,2022,1,10,10,Draft,1610612764,Washington,Wizards,WAS
1631172,Ousmane Dieng,2022,1,11,11,Draft,1610612752,New York,Knicks,NYK
1631114,Jalen Williams,2022,1,12,12,Draft,1610612760,Oklahoma City,Thunder,OKC
1631105,Jalen Duren,2022,1,13,13,Draft,1610612766,Charlotte,Hornets,CHA
1630534,Ochai Agbaji,2022,1,14,14,Draft,1610612739,Cleveland,Cavaliers,CLE
1631109,Mark Williams,2022,1,15,15,Draft,1610612766,Charlotte,Hornets,CHA
1631100,AJ Griffin,2022,1,16,16,Draft,1610612737,Atlanta,Hawks,ATL
1631106,Tari Eason,2022,1,17,17,Draft,1610612745,Houston,Rockets,HOU
1631207,Dalen Terry,2022,1,18,18,Draft,1610612741,Chicago,Bulls,CHI
1631222,Jake LaRavia,2022,1,19,19,Draft,1610612750,Minnesota,Timberwolves,MIN
1631103,Malaki Branham,2022,1,20,20,Draft,1610612759,San Antonio,Spurs,SAS
1631128,Christian Braun,2022,1,21,21,Draft,1610612743,Denver,Nuggets,DEN
1631117,Walker Kessler,2022,1,22,22,Draft,1610612763,Memphis,Grizzlies,MEM
1631223,David Roddy,2022,1,23,23,Draft,1610612755,Philadelphia,76ers,PHI
1630699,MarJon Beauchamp,2022,1,24,24,Draft,1610612749,Milwaukee,Bucks,MIL
1631104,Blake Wesley,2022,1,25,25,Draft,1610612759,San Antonio,Spurs,SAS
1631111,Wendell Moore Jr.,2022,1,26,26,Draft,1610612742,Dallas,Mavericks,DAL
1631107,Nikola Jovic,2022,1,27,27,Draft,1610612748,Miami,Heat,MIA
1631116,Patrick Baldwin Jr.,2022,1,28,28,Draft,1610612744,Golden State,Warriors,GSW
1631102,TyTy Washington Jr.,2022,1,29,29,Draft,1610612763,Memphis,Grizzlies,MEM
1631212,Peyton Watson,2022,1,30,30,Draft,1610612760,Oklahoma City,Thunder,OKC
1629614,Andrew Nembhard,2022,2,1,31,Draft,1610612754,Indiana,Pacers,IND
1631216,Caleb Houstan,2022,2,2,32,Draft,1610612753,Orlando,Magic,ORL
1631132,Christian Koloko,2022,2,3,33,Draft,1610612761,Toronto,Raptors,TOR
1631119,Jaylin Williams,2022,2,4,34,Draft,1610612760,Oklahoma City,Thunder,OKC
1631108,Max Christie,2022,2,5,35,Draft,1610612747,Los Angeles,Lakers,LAL
1630629,Gabriele Procida,2022,2,6,36,Draft,1610612757,Portland,Trail Blazers,POR
1630702,Jaden Hardy,2022,2,7,37,Draft,1610612758,Sacramento,Kings,SAC
1631113,Kennedy Chandler,2022,2,8,38,Draft,1610612759,San Antonio,Spurs,SAS
1631215,Khalifa Diop,2022,2,9,39,Draft,1610612739,Cleveland,Cavaliers,CLE
1631121,Bryce McGowens,2022,2,10,40,Draft,1610612750,Minnesota,Timberwolves,MIN
1630604,E.J. Liddell,2022,2,11,41,Draft,1610612740,New Orleans,Pelicans,NOP
1631211,Trevor Keels,2022,2,12,42,Draft,1610612752,New York,Knicks,NYK
1631217,Moussa Diabate,2022,2,13,43,Draft,1610612746,LA,Clippers,LAC
1631157,Ryan Rollins,2022,2,14,44,Draft,1610612737,Atlanta,Hawks,ATL
1631169,Josh Minott,2022,2,15,45,Draft,1610612766,Charlotte,Hornets,CHA
1631130,Ismael Kamagate,2022,2,16,46,Draft,1610612765,Detroit,Pistons,DET
1631246,Vince Williams Jr.,2022,2,17,47,Draft,1610612763,Memphis,Grizzlies,MEM
1631112,Kendall Brown,2022,2,18,48,Draft,1610612750,Minnesota,Timberwolves,MIN
1630600,Isaiah Mobley,2022,2,19,49,Draft,1610612739,Cleveland,Cavaliers,CLE
1631164,Matteo Spagnolo,2022,2,20,50,Draft,1610612750,Minnesota,Timberwolves,MIN
1631213,Tyrese Martin,2022,2,21,51,Draft,1610612744,Golden State,Warriors,GSW
1631255,Karlo Matkovic,2022,2,22,52,Draft,1610612740,New Orleans,Pelicans,NOP
1631120,J.D. Davison,2022,2,23,53,Draft,1610612738,Boston,Celtics,BOS
1631161,Yannick Nzosa,2022,2,24,54,Draft,1610612764,Washington,Wizards,WAS
1630611,Gui Santos,2022,2,25,55,Draft,1610612744,Golden State,Warriors,GSW
1631247,Luke Travers,2022,2,26,56,Draft,1610612739,Cleveland,Cavaliers,CLE
1631133,Jabari Walker,2022,2,27,57,Draft,1610612757,Portland,Trail Blazers,POR
1630656,Hugo Besson,2022,2,28,58,Draft,1610612754,Indiana,Pacers,IND
1641705,Victor Wembanyama,2023,1,1,1,Draft,1610612759,San Antonio,Spurs,SAS
1641706,Brandon Miller,2023,1,2,2,Draft,1610612766,Charlotte,Hornets,CHA
1630703,Scoot Henderson,2023,1,3,3,Draft,1610612757,Portland,Trail Blazers,POR
1641708,Amen Thompson,2023,1,4,4,Draft,1610612745,Houston,Rockets,HOU
1641709,Ausar Thompson,2023,1,5,5,Draft,1610612765,Detroit,Pistons,DET
1641710,Anthony Black,2023,1,6,6,Draft,1610612753,Orlando,Magic,ORL
1641731,Bilal Coulibaly,2023,1,7,7,Draft,1610612754,Indiana,Pacers,IND
1641716,Jarace Walker,2023,1,8,8,Draft,1610612764,Washington,Wizards,WAS
1641707,Taylor Hendricks,2023,1,9,9,Draft,1610612762,Utah,Jazz,UTA
1641717,Cason Wallace,2023,1,10,10,Draft,1610612742,Dallas,Mavericks,DAL
1641724,Jett Howard,2023,1,11,11,Draft,1610612753,Orlando,Magic,ORL
1641726,Dereck Lively II,2023,1,12,12,Draft,1610612760,Oklahoma City,Thunder,OKC
1641711,Gradey Dick,2023,1,13,13,Draft,1610612761,Toronto,Raptors,TOR
1641722,Jordan Hawkins,2023,1,14,14,Draft,1610612740,New Orleans,Pelicans,NOP
1641723,Kobe Bufkin,2023,1,15,15,Draft,1610612737,Atlanta,Hawks,ATL
1641718,Keyonte George,2023,1,16,16,Draft,1610612762,Utah,Jazz,UTA
1641720,Jalen Hood-Schifino,2023,1,17,17,Draft,1610612747,Los Angeles,Lakers,LAL
1631170,Jaime Jaquez Jr.,2023,1,18,18,Draft,1610612748,Miami,Heat,MIA
1641764,Brandin Podziemski,2023,1,19,19,Draft,1610612744,Golden State,Warriors,GSW
1641715,Cam Whitmore,2023,1,20,20,Draft,1610612745,Houston,Rockets,HOU
1641730,Noah Clowney,2023,1,21,21,Draft,1610612751,Brooklyn,Nets,BKN
1641727,Dariq Whitehead,2023,1,22,22,Draft,1610612751,Brooklyn,Nets,BKN
1631200,Kris Murray,2023,1,23,23,Draft,1610612757,Portland,Trail Blazers,POR
1641765,Olivier-Maxence Prosper,2023,1,24,24,Draft,1610612758,Sacramento,Kings,SAC
1631204,Marcus Sasser,2023,1,25,25,Draft,1610612763,Memphis,Grizzlies,MEM
1641767,Ben Sheppard,2023,1,26,26,Draft,1610612754,Indiana,Pacers,IND
1641733,Nick Smith Jr.,2023,1,27,27,Draft,1610612766,Charlotte,Hornets,CHA
1641729,Brice Sensabaugh,2023,1,28,28,Draft,1610612762,Utah,Jazz,UTA
1631124,Julian Strawther,2023,1,29,29,Draft,1610612754,Indiana,Pacers,IND
1641738,Kobe Brown,2023,1,30,30,Draft,1610612746,LA,Clippers,LAC
1641762,James Nnaji,2023,2,1,31,Draft,1610612765,Detroit,Pistons,DET
1629618,Jalen Pickett,2023,2,2,32,Draft,1610612754,Indiana,Pacers,IND
1631159,Leonard Miller,2023,2,3,33,Draft,1610612759,San Antonio,Spurs,SAS
1641732,Colby Jones,2023,2,4,34,Draft,1610612766,Charlotte,Hornets,CHA
1641763,Julian Phillips,2023,2,5,35,Draft,1610612738,Boston,Celtics,BOS
1641748,Andre Jackson Jr.,2023,2,6,36,Draft,1610612753,Orlando,Magic,ORL
1641816,Hunter Tyson,2023,2,7,37,Draft,1610612760,Oklahoma City,Thunder,OKC
1641775,Jordan Walsh,2023,2,8,38,Draft,1610612758,Sacramento,Kings,SAC
1631243,Mouhamed Gueye,2023,2,9,39,Draft,1610612766,Charlotte,Hornets,CHA
1641721,Maxwell Lewis,2023,2,10,40,Draft,1610612743,Denver,Nuggets,DEN
1641735,Amari Bailey,2023,2,11,41,Draft,1610612766,Charlotte,Hornets,CHA
1641774,Tristan Vukcevic,2023,2,12,42,Draft,1610612764,Washington,Wizards,WAS
1641712,Rayan Rupert,2023,2,13,43,Draft,1610612757,Portland,Trail Blazers,POR
1631321,Sidy Cissoko,2023,2,14,44,Draft,1610612759,San Antonio,Spurs,SAS
1641713,GG Jackson II,2023,2,15,45,Draft,1610612763,Memphis,Grizzlies,MEM
1641754,Seth Lundy,2023,2,16,46,Draft,1610612737,Atlanta,Hawks,ATL
1631340,Mojave King,2023,2,17,47,Draft,1610612747,Los Angeles,Lakers,LAL
1641757,Jordan Miller,2023,2,18,48,Draft,1610612746,LA,Clippers,LAC
1641734,Emoni Bates,2023,2,19,49,Draft,1610612739,Cleveland,Cavaliers,CLE
1641749,Keyontae Johnson,2023,2,20,50,Draft,1610612760,Oklahoma City,Thunder,OKC
1630592,Jalen Wilson,2023,2,21,51,Draft,1610612751,Brooklyn,Nets,BKN
1641739,Toumani Camara,2023,2,22,52,Draft,1610612756,Phoenix,Suns,PHX
1641740,Jaylen Clark,2023,2,23,53,Draft,1610612750,Minnesota,Timberwolves,MIN
1641771,Jalen Slawson,2023,2,24,54,Draft,1610612758,Sacramento,Kings,SAC
1631209,Isaiah Wong,2023,2,25,55,Draft,1610612754,Indiana,Pacers,IND
1641844,Tarik Biberovic,2023,2,26,56,Draft,1610612763,Memphis,Grizzlies,MEM
1631218,Trayce Jackson-Davis,2023,2,27,57,Draft,1610612764,Washington,Wizards,WAS
1641753,Chris Livingston,2023,2,28,58,Draft,1610612749,Milwaukee,Bucks,MIL
